Date,Adj Close,Close,High,Low,Open,Volume
2015-01-05,16.777830123901367,21.899999618530277,21.989999771118164,20.5,20.56999969482422,59304755
2015-01-06,16.532669067382812,21.57999992370605,21.770000457763672,21.280000686645508,21.56999969482422,40116720
2015-01-07,16.540334701538086,21.59000015258789,22.3700008392334,21.299999237060547,21.6200008392334,30594583
2015-01-08,16.578636169433594,21.63999938964844,22.059999465942383,21.280000686645508,21.57999992370605,30290587
2015-01-09,16.410097122192383,21.420000076293945,22.18000030517578,21.399999618530277,21.459999084472656,33466599
2015-01-12,14.839569091796877,19.3700008392334,19.950000762939453,19.280000686645508,19.5,84723542
2015-01-13,14.632719039916992,19.100000381469727,19.540000915527344,18.799999237060547,19.200000762939453,38861707
2015-01-14,14.739974975585938,19.239999771118164,19.489999771118164,19.059999465942383,19.190000534057617,20610186
2015-01-15,14.816583633422852,19.34000015258789,19.34000015258789,18.90999984741211,19.25,20932901
2015-01-16,14.900854110717772,19.450000762939453,19.57999992370605,19.200000762939453,19.200000762939453,24540024
2015-01-19,14.035152435302734,18.31999969482422,19.200000762939453,18.049999237060547,18.950000762939453,32386490
2015-01-20,14.295626640319824,18.65999984741211,18.84000015258789,18.38999938964844,18.38999938964844,19520169
2015-01-21,14.663362503051758,19.13999938964844,19.18000030517578,18.600000381469727,18.799999237060547,21665412
2015-01-22,14.755297660827637,19.26000022888184,19.32999992370605,19.09000015258789,19.280000686645508,20697482
2015-01-23,14.724652290344238,19.21999931335449,19.450000762939453,19.13999938964844,19.299999237060547,19027334
2015-01-26,14.962146759033203,19.530000686645508,19.559999465942383,19.25,19.350000381469727,19794359
2015-01-27,15.008111953735352,19.59000015258789,19.90999984741211,19.309999465942383,19.559999465942383,23841654
2015-01-28,14.747636795043944,19.25,19.549999237060547,19.209999084472656,19.549999237060547,17008643
2015-01-29,14.671027183532717,19.149999618530277,19.229999542236328,19.0,19.040000915527344,12421826
2015-01-30,14.648040771484377,19.1200008392334,19.51000022888184,19.11000061035156,19.149999618530277,14177179
2015-02-02,14.33393383026123,18.709999084472656,18.950000762939453,18.649999618530277,18.8799991607666,17112151
2015-02-03,14.510140419006348,18.940000534057617,18.96999931335449,18.700000762939453,18.790000915527344,13509985
2015-02-04,14.48715877532959,18.90999984741211,19.149999618530277,18.88999938964844,19.0,12431392
2015-02-05,14.402884483337402,18.799999237060547,19.280000686645508,18.76000022888184,19.049999237060547,19343499
2015-02-06,13.95088005065918,18.209999084472656,18.84000015258789,18.1200008392334,18.75,14811880
2015-02-09,14.196036338806152,18.530000686645508,18.649999618530277,18.170000076293945,18.200000762939453,10885099
2015-02-10,15.06174087524414,19.65999984741211,20.3799991607666,19.190000534057617,19.190000534057617,47127822
2015-02-11,15.214962005615234,19.86000061035156,19.950000762939453,19.5,19.56999969482422,22049036
2015-02-12,15.29157257080078,19.959999084472656,20.26000022888184,19.81999969482422,19.88999938964844,17013130
2015-02-13,15.72825813293457,20.530000686645508,20.8700008392334,20.11000061035156,20.299999237060547,34321054
2015-02-16,15.582697868347168,20.34000015258789,20.5,20.200000762939453,20.489999771118164,17287164
2015-02-17,15.368182182312012,20.059999465942383,20.540000915527344,19.90999984741211,20.3700008392334,15198135
2015-02-25,15.429472923278809,20.13999938964844,20.479999542236328,19.90999984741211,20.07999992370605,14807748
2015-02-26,15.620999336242676,20.38999938964844,20.5,20.049999237060547,20.06999969482422,13575976
2015-02-27,15.598021507263184,20.36000061035156,20.96999931335449,20.350000381469727,20.5,20380328
2015-03-02,15.490762710571287,20.21999931335449,20.46999931335449,19.950000762939453,20.32999992370605,18792381
2015-03-03,15.276252746582031,19.940000534057617,20.21999931335449,19.82999992370605,20.200000762939453,17675092
2015-03-04,15.605683326721191,20.3700008392334,20.43000030517578,19.8799991607666,19.979999542236328,19175254
2015-03-05,15.567374229431152,20.31999969482422,20.56999969482422,20.09000015258789,20.299999237060547,14924691
2015-03-06,15.820188522338867,20.649999618530277,20.82999992370605,20.350000381469727,20.350000381469727,20079543
2015-03-09,15.896801948547363,20.75,20.850000381469727,20.280000686645508,20.729999542236328,16387361
2015-03-10,16.050024032592773,20.950000762939453,21.25,20.6200008392334,20.770000457763672,22876313
2015-03-11,15.93510627746582,20.799999237060547,21.3700008392334,20.75,20.950000762939453,15350391
2015-03-12,16.088327407836914,21.0,21.200000762939453,20.649999618530277,20.979999542236328,14243006
2015-03-13,15.965750694274902,20.84000015258789,21.11000061035156,20.729999542236328,21.100000381469727,12569830
2015-03-16,16.55565643310547,21.61000061035156,21.739999771118164,20.90999984741211,21.0,27033403
2015-03-17,17.321767807006836,22.61000061035156,23.709999084472656,21.75,21.75,38092653
2015-03-18,17.62821388244629,23.01000022888184,23.6299991607666,22.709999084472656,22.899999618530277,32393872
2015-03-19,17.306442260742188,22.59000015258789,23.0,22.34000015258789,23.0,23269799
2015-03-20,17.61288833618164,22.989999771118164,23.149999618530277,22.51000022888184,22.780000686645508,24865504
2015-03-23,17.712486267089844,23.1200008392334,23.399999618530277,22.790000915527344,22.959999084472656,20603311
2015-03-24,17.99594497680664,23.489999771118164,23.600000381469727,22.549999237060547,23.13999938964844,32488985
2015-03-25,17.62821388244629,23.01000022888184,23.38999938964844,22.86000061035156,23.18000030517578,21077761
2015-03-26,18.77737808227539,24.51000022888184,24.959999084472656,22.700000762939453,22.96999931335449,39032350
2015-03-27,18.60883331298828,24.290000915527344,25.25,24.26000022888184,24.700000762939453,27217304
2015-03-30,19.382604598999023,25.299999237060547,25.450000762939453,24.11000061035156,24.200000762939453,26824050
2015-03-31,18.80035972595215,24.540000915527344,25.350000381469727,24.40999984741211,25.01000022888184,24914865
2015-04-01,18.80802154541016,24.549999237060547,24.780000686645508,24.049999237060547,24.56999969482422,19086174
2015-04-02,18.968908309936523,24.76000022888184,25.190000534057617,24.280000686645508,24.6299991607666,33109970
2015-04-03,18.853992462158203,24.61000061035156,24.790000915527344,24.350000381469727,24.670000076293945,20152617
2015-04-07,19.152772903442383,25.0,25.15999984741211,24.36000061035156,24.61000061035156,31479104
2015-04-08,19.01487159729004,24.81999969482422,25.850000381469727,24.670000076293945,25.0,33718376
2015-04-09,18.386661529541016,24.0,25.06999969482422,23.690000534057617,24.82999992370605,27674626
2015-04-10,18.69310760498047,24.399999618530277,24.489999771118164,23.93000030517578,24.01000022888184,29127776
2015-04-13,19.037857055664062,24.850000381469727,24.899999618530277,24.11000061035156,24.40999984741211,37837722
2015-04-14,19.482200622558597,25.43000030517578,25.799999237060547,24.450000762939453,24.700000762939453,43409397
2015-04-15,18.792701721191406,24.530000686645508,25.700000762939453,24.5,25.450000762939453,30114077
2015-04-16,20.210004806518555,26.3799991607666,26.979999542236328,24.13999938964844,24.46999931335449,60741505
2015-04-17,19.895898818969727,25.96999931335449,26.770000457763672,25.770000457763672,26.600000381469727,43768923
2015-04-20,19.1680965423584,25.020000457763672,25.979999542236328,25.0,25.649999618530277,41000620
2015-04-21,20.593063354492188,26.8799991607666,26.88999938964844,25.270000457763672,25.270000457763672,49735176
2015-04-22,20.99909782409668,27.40999984741211,27.450000762939453,26.63999938964844,27.11000061035156,35079614
2015-04-23,20.5394344329834,26.809999465942383,27.0,26.280000686645508,27.0,49742587
2015-04-24,19.94186210632324,26.030000686645508,26.780000686645508,25.8799991607666,26.5,31393338
2015-04-27,20.179363250732425,26.34000015258789,26.600000381469727,25.920000076293945,26.190000534057617,35023954
2015-04-28,19.344301223754883,25.25,26.350000381469727,25.100000381469727,26.21999931335449,30817389
2015-04-29,19.635421752929688,25.6299991607666,25.850000381469727,25.299999237060547,25.299999237060547,17674264
2015-04-30,19.689054489135746,25.700000762939453,25.96999931335449,25.5,25.700000762939453,17356370
2015-05-04,19.895898818969727,25.96999931335449,26.200000762939453,25.5,25.76000022888184,21299468
2015-05-05,18.57819175720215,24.25,25.86000061035156,24.200000762939453,25.86000061035156,28953292
2015-05-06,18.1491641998291,23.690000534057617,24.600000381469727,23.540000915527344,24.3700008392334,23588280
2015-05-07,17.92699432373047,23.399999618530277,23.979999542236328,23.229999542236328,23.690000534057617,20559503
2015-05-08,18.33303642272949,23.93000030517578,23.940000534057617,23.299999237060547,23.700000762939453,20185815
2015-05-11,18.76205444335937,24.489999771118164,24.489999771118164,23.68000030517578,24.040000915527344,26198385
2015-05-12,18.769716262817383,24.5,24.799999237060547,24.270000457763672,24.459999084472656,20800236
2015-05-13,18.631816864013672,24.31999969482422,24.799999237060547,24.13999938964844,24.38999938964844,23987334
2015-05-14,18.493915557861328,24.13999938964844,24.280000686645508,23.799999237060547,24.270000457763672,19358040
2015-05-15,18.202795028686523,23.76000022888184,24.3799991607666,23.65999984741211,24.1200008392334,22030187
2015-05-18,18.34835433959961,23.950000762939453,24.0,23.56999969482422,23.71999931335449,17699265
2015-05-19,18.716089248657227,24.43000030517578,24.450000762939453,23.799999237060547,23.8799991607666,29119336
2015-05-20,18.80802154541016,24.549999237060547,25.049999237060547,24.350000381469727,24.450000762939453,38885396
2015-05-21,19.50518035888672,25.459999084472656,25.549999237060547,24.51000022888184,24.51000022888184,41734222
2015-05-22,20.14105796813965,26.290000915527344,26.989999771118164,25.90999984741211,26.5,57489704
2015-05-25,20.378549575805664,26.600000381469727,26.790000915527344,26.0,26.01000022888184,43912671
2015-05-26,20.838214874267575,27.200000762939453,27.440000534057617,26.25,26.600000381469727,51134273
2015-05-27,20.5394344329834,26.809999465942383,27.3799991607666,26.540000915527344,27.190000534057617,39761114
2015-05-28,19.436235427856445,25.3700008392334,27.71999931335449,25.290000915527344,26.850000381469727,52252136
2015-05-29,19.31365394592285,25.209999084472656,25.799999237060547,24.459999084472656,25.479999542236328,32162097
2015-06-01,20.17169952392578,26.32999992370605,26.3700008392334,25.21999931335449,25.450000762939453,30358924
2015-06-02,20.531774520874023,26.799999237060547,26.809999465942383,26.1200008392334,26.420000076293945,36087450
2015-06-03,20.22532844543457,26.399999618530277,27.34000015258789,26.040000915527344,26.81999969482422,34439528
2015-06-04,20.646690368652344,26.950000762939453,27.26000022888184,25.280000686645508,26.8799991607666,42480091
2015-06-05,21.535381317138672,28.11000061035156,28.36000061035156,27.020000457763672,27.5,64141339
2015-06-08,22.2938289642334,29.100000381469727,29.36000061035156,27.90999984741211,28.1299991607666,62588300
2015-06-09,21.66561889648437,28.280000686645508,29.6299991607666,27.989999771118164,29.0,61797055
2015-06-10,22.079315185546875,28.81999969482422,29.270000457763672,28.049999237060547,28.299999237060547,65765570
2015-06-11,21.918434143066406,28.61000061035156,28.88999938964844,28.309999465942383,28.59000015258789,33958113
2015-06-12,22.83010673522949,29.799999237060547,30.809999465942383,28.6299991607666,28.6299991607666,57660649
2015-06-15,22.929697036743164,29.93000030517578,31.0,29.530000686645508,29.799999237060547,50838137
2015-06-16,21.757549285888672,28.399999618530277,29.709999084472656,28.09000015258789,29.600000381469727,38594249
2015-06-17,21.99504280090332,28.709999084472656,28.8799991607666,27.43000030517578,28.399999618530277,33154049
2015-06-18,21.36683464050293,27.88999938964844,29.75,27.799999237060547,28.959999084472656,36546543
2015-06-19,20.11041259765625,26.25,28.299999237060547,26.01000022888184,27.57999992370605,31323242
2015-06-23,22.125280380249023,28.8799991607666,28.8799991607666,26.68000030517578,27.5,54216365
2015-06-24,24.339344024658203,31.770000457763672,31.770000457763672,29.399999618530277,29.899999618530277,82085570
2015-06-25,24.477243423461918,31.950000762939453,33.77000045776367,31.01000022888184,32.88999938964844,91782240
2015-06-26,23.74943733215332,31.0,33.11000061035156,29.0,30.899999618530277,103524283
2015-06-29,26.00946617126465,33.95000076293945,34.099998474121094,31.399999618530277,31.959999084472656,151028735
2015-06-30,24.982873916625977,32.61000061035156,33.88999938964844,30.559999465942383,32.0,116340159
2015-07-01,23.57323265075684,30.770000457763672,34.2400016784668,30.559999465942383,31.350000381469727,96492529
2015-07-02,21.21360969543457,27.690000534057617,30.21999931335449,27.690000534057617,30.0,69058252
2015-07-03,19.091482162475582,24.920000076293945,27.670000076293945,24.920000076293945,25.270000457763672,66536397
2015-07-06,18.69310760498047,24.399999618530277,27.0,22.43000030517578,27.0,91013626
2015-07-07,16.85443878173828,22.0,24.0,21.959999084472656,23.450000762939453,78729599
2015-07-08,15.168994903564451,19.799999237060547,20.5,19.799999237060547,19.799999237060547,71780794
2015-07-09,16.685895919799805,21.780000686645508,21.780000686645508,19.88999938964844,19.88999938964844,46418880
2015-07-10,18.356016159057617,23.959999084472656,23.959999084472656,22.799999237060547,23.0,65667938
2015-07-13,20.194684982299805,26.36000061035156,26.36000061035156,24.0,24.600000381469727,85355961
2015-07-14,19.31365394592285,25.209999084472656,27.200000762939453,25.0,25.5,64079043
2015-07-15,18.539884567260746,24.200000762939453,24.979999542236328,22.700000762939453,24.65999984741211,56990363
2015-07-16,18.9765682220459,24.770000457763672,25.5,23.0,24.200000762939453,38584076
2015-07-17,19.689054489135746,25.700000762939453,26.11000061035156,24.770000457763672,24.899999618530277,38973550
2015-07-20,19.083824157714844,24.90999984741211,25.940000534057617,24.540000915527344,25.5,45731090
2015-07-21,19.290674209594727,25.18000030517578,25.479999542236328,24.25,24.5,29862296
2015-07-22,19.252368927001957,25.1299991607666,25.770000457763672,24.5,25.100000381469727,33871962
2015-07-23,19.620101928710938,25.61000061035156,25.799999237060547,24.770000457763672,25.1200008392334,40933569
2015-07-24,19.47454071044922,25.420000076293945,26.61000061035156,25.209999084472656,25.670000076293945,49069222
2015-07-27,17.528615951538086,22.8799991607666,25.100000381469727,22.8799991607666,24.86000061035156,50728115
2015-07-28,17.896352767944336,23.36000061035156,23.739999771118164,21.40999984741211,22.0,51558890
2015-07-29,18.493915557861328,24.13999938964844,24.200000762939453,22.88999938964844,23.299999237060547,26696978
2015-07-30,18.317710876464844,23.90999984741211,25.5,23.770000457763672,24.0,43038853
2015-07-31,19.01487159729004,24.81999969482422,25.0,23.43000030517578,23.43000030517578,36383924
2015-08-03,19.206398010253903,25.06999969482422,25.200000762939453,24.049999237060547,24.51000022888184,35002776
2015-08-04,19.780981063842773,25.81999969482422,26.020000457763672,24.850000381469727,25.0,30334368
2015-08-05,19.305997848510746,25.200000762939453,25.799999237060547,24.979999542236328,25.799999237060547,21173769
2015-08-06,18.96124649047852,24.75,25.21999931335449,24.450000762939453,24.68000030517578,15819075
2015-08-07,19.28301048278809,25.170000076293945,25.530000686645508,24.799999237060547,25.030000686645508,16865087
2015-08-10,20.010818481445312,26.1200008392334,26.3799991607666,25.450000762939453,25.450000762939453,31741843
2015-08-11,20.5394344329834,26.809999465942383,27.280000686645508,26.09000015258789,26.299999237060547,34133365
2015-08-12,19.96485137939453,26.059999465942383,27.1200008392334,26.049999237060547,26.600000381469727,21967428
2015-08-13,20.15637588500977,26.309999465942383,26.450000762939453,25.1299991607666,26.0,19626813
2015-08-14,20.991436004638672,27.399999618530277,28.09000015258789,26.600000381469727,26.770000457763672,38498173
2015-08-17,21.029747009277344,27.450000762939453,27.780000686645508,26.799999237060547,27.0,23495614
2015-08-18,19.244709014892575,25.1200008392334,27.850000381469727,24.799999237060547,27.46999931335449,31904729
2015-08-19,19.842273712158203,25.899999618530277,26.07999992370605,24.5,24.709999084472656,27931693
2015-08-20,19.45155334472656,25.38999938964844,25.979999542236328,25.11000061035156,25.68000030517578,17174358
2015-08-21,18.193811416625977,23.0,24.43000030517578,22.93000030517578,24.200000762939453,20123941
2015-08-24,16.374431610107422,20.700000762939453,22.399999618530277,20.700000762939453,22.290000915527344,23874085
2015-08-25,15.361903190612791,19.420000076293945,21.26000022888184,18.649999618530277,19.149999618530277,38037316
2015-08-26,15.551751136779783,19.65999984741211,20.799999237060547,18.940000534057617,19.59000015258789,28774953
2015-08-27,16.722482681274414,21.13999938964844,21.149999618530277,19.920000076293945,20.200000762939453,27054454
2015-08-28,17.402774810791016,22.0,22.299999237060547,20.84000015258789,21.280000686645508,30980698
2015-08-31,17.268299102783203,21.82999992370605,21.82999992370605,20.88999938964844,21.530000686645508,24195909
2015-09-01,16.92815399169922,21.399999618530277,21.559999465942383,20.280000686645508,21.51000022888184,26249129
2015-09-02,17.212928771972656,21.76000022888184,22.0,20.51000022888184,20.51000022888184,32504552
2015-09-07,16.45353126525879,20.799999237060547,22.5,20.780000686645508,21.5,19964734
2015-09-08,16.769947052001953,21.200000762939453,21.299999237060547,19.989999771118164,20.700000762939453,15818876
2015-09-09,17.260387420654297,21.81999969482422,21.950000762939453,21.06999969482422,21.26000022888184,19164426
2015-09-10,16.69875144958496,21.11000061035156,21.75,21.07999992370605,21.489999771118164,11498640
2015-09-11,16.69875144958496,21.11000061035156,21.3799991607666,20.899999618530277,21.13999938964844,9062016
2015-09-14,15.844432830810549,20.030000686645508,21.40999984741211,19.799999237060547,21.18000030517578,18260398
2015-09-15,15.67831802368164,19.81999969482422,20.57999992370605,19.600000381469727,20.0,13768216
2015-09-16,16.746217727661133,21.170000076293945,21.479999542236328,19.799999237060547,19.989999771118164,13074184
2015-09-17,16.17667007446289,20.450000762939453,21.21999931335449,20.399999618530277,21.020000457763672,12945806
2015-09-18,16.461444854736328,20.809999465942383,21.07999992370605,20.51000022888184,20.600000381469727,9577876
2015-09-21,16.872783660888672,21.32999992370605,21.459999084472656,20.600000381469727,20.600000381469727,10896621
2015-09-22,16.888601303100586,21.350000381469727,21.690000534057617,21.18000030517578,21.38999938964844,12662111
2015-09-23,16.461444854736328,20.809999465942383,21.15999984741211,20.6299991607666,20.899999618530277,7918835
2015-09-24,16.785768508911133,21.21999931335449,21.239999771118164,20.809999465942383,20.979999542236328,8111143
2015-09-25,16.532634735107422,20.899999618530277,21.57999992370605,20.799999237060547,21.25,8724814
2015-09-28,16.413978576660156,20.75,21.0,20.40999984741211,20.989999771118164,6004993
2015-09-29,16.1845760345459,20.459999084472656,20.81999969482422,20.350000381469727,20.51000022888184,7187136
2015-09-30,16.247865676879883,20.540000915527344,20.729999542236328,20.479999542236328,20.479999542236328,6064836
2015-10-08,16.73039436340332,21.149999618530277,21.350000381469727,20.979999542236328,21.200000762939453,12101240
2015-10-09,16.769947052001953,21.200000762939453,21.290000915527344,20.93000030517578,21.149999618530277,9820735
2015-10-12,17.386953353881836,21.979999542236328,22.170000076293945,21.26000022888184,21.26000022888184,17510562
2015-10-13,17.347402572631836,21.93000030517578,22.049999237060547,21.559999465942383,21.81999969482422,11195680
2015-10-14,17.252479553222656,21.809999465942383,22.299999237060547,21.770000457763672,21.88999938964844,12797405
2015-10-15,17.624265670776367,22.280000686645508,22.350000381469727,21.75,21.790000915527344,12169525
2015-10-16,17.829931259155273,22.540000915527344,22.6200008392334,22.26000022888184,22.350000381469727,12895996
2015-10-19,17.592626571655273,22.239999771118164,22.649999618530277,22.15999984741211,22.57999992370605,11603448
2015-10-20,17.711278915405273,22.38999938964844,22.5,22.01000022888184,22.299999237060547,10368862
2015-10-21,16.96770668029785,21.450000762939453,22.57999992370605,21.299999237060547,22.38999938964844,15014901
2015-10-22,17.244564056396484,21.799999237060547,21.8799991607666,21.3799991607666,21.46999931335449,8793543
2015-10-23,17.94068145751953,22.68000030517578,23.049999237060547,21.86000061035156,21.86000061035156,17251763
2015-10-26,17.91694450378418,22.649999618530277,22.989999771118164,22.43000030517578,22.780000686645508,14909805
2015-10-27,17.782470703125,22.479999542236328,22.59000015258789,21.959999084472656,22.51000022888184,9396033
2015-10-28,18.04351043701172,22.809999465942383,23.1299991607666,22.229999542236328,22.43000030517578,16885489
2015-10-29,18.668432235717773,23.600000381469727,23.82999992370605,22.520000457763672,22.770000457763672,20941164
2015-10-30,19.12723159790039,24.18000030517578,24.549999237060547,23.200000762939453,23.200000762939453,19729747
2015-11-02,18.9373836517334,23.940000534057617,24.56999969482422,23.57999992370605,23.809999465942383,14877587
2015-11-03,18.470672607421875,23.350000381469727,24.18000030517578,23.25,23.989999771118164,9839522
2015-11-04,19.356630325317383,24.46999931335449,24.5,23.459999084472656,23.459999084472656,12616371
2015-11-05,19.633493423461918,24.81999969482422,25.600000381469727,24.36000061035156,24.46999931335449,27428247
2015-11-06,19.76006126403809,24.979999542236328,25.170000076293945,24.450000762939453,24.780000686645508,16899879
2015-11-09,19.696775436401367,24.899999618530277,26.11000061035156,24.799999237060547,25.649999618530277,30457833
2015-11-10,19.680957794189453,24.8799991607666,25.200000762939453,24.57999992370605,24.709999084472656,17597203
2015-11-11,19.5781192779541,24.75,25.09000015258789,24.43000030517578,24.90999984741211,17346899
2015-11-12,19.356630325317383,24.46999931335449,24.780000686645508,24.26000022888184,24.700000762939453,11679013
2015-11-13,18.826635360717773,23.799999237060547,24.600000381469727,23.559999465942383,24.21999931335449,19779335
2015-11-16,19.3803653717041,24.5,24.600000381469727,23.6200008392334,23.6299991607666,16855541
2015-11-17,19.3803653717041,24.5,25.07999992370605,24.170000076293945,24.899999618530277,19374251
2015-11-18,19.11931800842285,24.170000076293945,24.57999992370605,24.059999465942383,24.5,10990388
2015-11-19,19.34081077575684,24.450000762939453,24.549999237060547,24.190000534057617,24.200000762939453,7453183
2015-11-20,19.64931297302246,24.84000015258789,24.959999084472656,24.399999618530277,24.450000762939453,13993889
2015-11-23,19.396183013916016,24.520000457763672,24.88999938964844,24.399999618530277,24.780000686645508,12048770
2015-11-24,19.40409469604492,24.530000686645508,24.59000015258789,24.149999618530277,24.5,8477531
2015-11-25,19.3803653717041,24.5,24.59000015258789,24.149999618530277,24.46999931335449,10707844
2015-11-26,19.22215461730957,24.299999237060547,24.670000076293945,24.21999931335449,24.549999237060547,9206756
2015-11-27,18.2966423034668,23.1299991607666,24.280000686645508,23.07999992370605,24.209999084472656,17220718
2015-11-30,18.35201835632324,23.200000762939453,23.3700008392334,22.600000381469727,23.299999237060547,12318118
2015-12-01,18.81872940063477,23.790000915527344,23.979999542236328,23.01000022888184,23.209999084472656,10604030
2015-12-02,19.680957794189453,24.8799991607666,24.8799991607666,23.56999969482422,23.700000762939453,22920086
2015-12-03,19.6572265625,24.850000381469727,24.979999542236328,24.489999771118164,24.76000022888184,10366538
2015-12-04,19.767967224121094,24.989999771118164,25.1200008392334,24.200000762939453,24.700000762939453,18464990
2015-12-07,19.767967224121094,24.989999771118164,25.270000457763672,24.700000762939453,25.0,13295942
2015-12-08,19.143051147460938,24.200000762939453,25.01000022888184,24.049999237060547,24.75,10258342
2015-12-09,19.190513610839844,24.26000022888184,24.43000030517578,24.049999237060547,24.100000381469727,6383554
2015-12-10,18.9373836517334,23.940000534057617,24.3700008392334,23.850000381469727,24.26000022888184,9222379
2015-12-11,19.230064392089844,24.309999465942383,24.540000915527344,23.75,23.86000061035156,8337034
2015-12-14,19.767967224121094,24.989999771118164,25.11000061035156,24.040000915527344,24.100000381469727,12397810
2015-12-15,19.989458084106445,25.270000457763672,25.450000762939453,24.86000061035156,25.0,13381259
2015-12-16,19.665138244628903,24.86000061035156,25.34000015258789,24.75,25.270000457763672,10010105
2015-12-17,20.2504997253418,25.600000381469727,25.809999465942383,25.11000061035156,25.25,14793660
2015-12-18,20.503633499145508,25.920000076293945,26.11000061035156,25.3799991607666,25.700000762939453,13598720
2015-12-21,22.33883476257324,28.239999771118164,28.51000022888184,25.799999237060547,25.899999618530277,42988258
2015-12-22,22.06987953186035,27.899999618530277,28.51000022888184,27.350000381469727,28.18000030517578,24697959
2015-12-23,21.587350845336918,27.290000915527344,28.280000686645508,26.950000762939453,27.989999771118164,24109944
2015-12-24,21.611082077026367,27.31999969482422,27.559999465942383,27.0,27.280000686645508,12123162
2015-12-25,21.29466819763184,26.920000076293945,27.549999237060547,26.51000022888184,27.40999984741211,13859060
2015-12-28,20.72512626647949,26.200000762939453,27.299999237060547,26.100000381469727,27.13999938964844,19895362
2015-12-29,21.120641708374023,26.700000762939453,26.770000457763672,26.01000022888184,26.1299991607666,16075553
2015-12-30,21.00989532470703,26.559999465942383,27.1299991607666,26.270000457763672,26.75,23072734
2015-12-31,21.4528751373291,27.1200008392334,27.3799991607666,26.809999465942383,26.8700008392334,25008595
2016-01-04,19.767967224121094,24.989999771118164,27.0,24.90999984741211,27.0,15192717
2016-01-05,20.0922966003418,25.399999618530277,26.100000381469727,24.5,24.600000381469727,23502454
2016-01-06,20.51153945922852,25.93000030517578,26.09000015258789,25.030000686645508,25.3799991607666,15226470
2016-01-07,18.969024658203125,23.979999542236328,25.489999771118164,23.790000915527344,25.3799991607666,5762100
2016-01-08,19.111408233642575,24.15999984741211,24.729999542236328,23.40999984741211,24.549999237060547,21574931
2016-01-11,18.083065032958984,22.86000061035156,24.100000381469727,22.84000015258789,23.790000915527344,14123765
2016-01-12,18.090972900390625,22.8700008392334,23.309999465942383,22.61000061035156,22.979999542236328,9041220
2016-01-13,17.727100372314453,22.40999984741211,23.459999084472656,22.31999969482422,22.88999938964844,12977354
2016-01-14,18.21754264831543,23.030000686645508,23.18000030517578,21.32999992370605,21.979999542236328,11781558
2016-01-15,17.719186782836914,22.399999618530277,23.43000030517578,22.11000061035156,22.850000381469727,9341889
2016-01-18,17.758739471435547,22.450000762939453,22.82999992370605,21.899999618530277,22.01000022888184,8660796
2016-01-19,18.31246566772461,23.149999618530277,23.299999237060547,22.299999237060547,22.5,10703933
2016-01-20,17.94068145751953,22.68000030517578,23.149999618530277,22.399999618530277,22.950000762939453,9567641
2016-01-21,17.32366943359375,21.899999618530277,22.899999618530277,21.88999938964844,22.350000381469727,8656240
2016-01-22,17.442323684692383,22.049999237060547,22.399999618530277,21.5,22.399999618530277,6941897
2016-01-25,17.640085220336914,22.299999237060547,22.520000457763672,22.059999465942383,22.239999771118164,5171329
2016-01-26,16.611738204956055,21.0,22.68000030517578,20.600000381469727,22.309999465942383,11045311
2016-01-27,16.437711715698242,20.780000686645508,21.209999084472656,20.040000915527344,21.209999084472656,10612923
2016-01-28,16.0263729095459,20.26000022888184,20.940000534057617,20.01000022888184,20.559999465942383,6101362
2016-01-29,16.809494018554688,21.25,21.690000534057617,20.299999237060547,20.309999465942383,7796615
2016-02-01,16.769947052001953,21.200000762939453,21.549999237060547,20.899999618530277,21.100000381469727,9143503
2016-02-02,16.96770668029785,21.450000762939453,21.780000686645508,21.13999938964844,21.209999084472656,7519994
2016-02-03,17.06262969970703,21.56999969482422,21.6200008392334,21.1200008392334,21.280000686645508,4681923
2016-02-04,17.133821487426758,21.65999984741211,21.850000381469727,21.51000022888184,21.59000015258789,7071270
2016-02-05,16.746217727661133,21.170000076293945,21.729999542236328,21.030000686645508,21.729999542236328,5965441
2016-02-15,16.500993728637695,20.86000061035156,21.049999237060547,20.520000457763672,20.61000061035156,4294057
2016-02-16,16.983522415161133,21.46999931335449,21.530000686645508,20.93000030517578,20.940000534057617,6657084
2016-02-17,17.054716110229492,21.559999465942383,21.65999984741211,21.31999969482422,21.399999618530277,7543787
2016-02-18,16.96770668029785,21.450000762939453,21.8799991607666,21.38999938964844,21.690000534057617,9810208
2016-02-19,16.936063766479492,21.40999984741211,21.549999237060547,21.309999465942383,21.450000762939453,5717297
2016-02-22,17.18128204345703,21.71999931335449,21.920000076293945,21.5,21.59000015258789,12347879
2016-02-23,17.592626571655273,22.239999771118164,22.65999984741211,21.76000022888184,21.76000022888184,18713367
2016-02-24,17.711278915405273,22.38999938964844,22.549999237060547,22.0,22.06999969482422,9837184
2016-02-25,16.45353126525879,20.799999237060547,22.459999084472656,20.68000030517578,22.459999084472656,13056043
2016-02-26,16.611738204956055,21.0,21.26000022888184,20.549999237060547,21.01000022888184,8759815
2016-02-29,15.67831802368164,19.81999969482422,20.979999542236328,19.51000022888184,20.959999084472656,13729456
2016-03-01,15.915631294250488,20.1200008392334,20.350000381469727,19.57999992370605,19.81999969482422,8557703
2016-03-02,16.595916748046875,20.979999542236328,21.100000381469727,20.1200008392334,20.1200008392334,10378190
2016-03-03,16.849048614501953,21.299999237060547,21.899999618530277,20.920000076293945,21.030000686645508,14461400
2016-03-04,17.244564056396484,21.799999237060547,21.8799991607666,21.149999618530277,21.209999084472656,18411975
2016-03-07,17.81411361694336,22.520000457763672,22.71999931335449,21.68000030517578,21.8799991607666,18120426
2016-03-08,17.48187828063965,22.100000381469727,22.46999931335449,21.31999969482422,22.3700008392334,13726837
2016-03-09,17.212928771972656,21.76000022888184,21.93000030517578,21.5,21.76000022888184,5161523
2016-03-10,17.497699737548828,22.1200008392334,22.649999618530277,21.670000076293945,21.75,15131025
2016-03-11,17.608444213867188,22.26000022888184,22.6299991607666,21.729999542236328,22.100000381469727,8121336
2016-03-14,17.829931259155273,22.540000915527344,23.0,22.40999984741211,22.420000076293945,10304956
2016-03-15,17.88530731201172,22.61000061035156,22.8799991607666,22.030000686645508,22.43000030517578,6369026
2016-03-16,17.822025299072266,22.530000686645508,22.82999992370605,22.11000061035156,22.540000915527344,7826791
2016-03-17,18.11470413208008,22.899999618530277,23.049999237060547,22.5,22.65999984741211,7523080
2016-03-18,18.510225296020508,23.399999618530277,23.459999084472656,22.729999542236328,22.90999984741211,14820803
2016-03-21,18.494400024414062,23.3799991607666,24.059999465942383,23.01000022888184,23.38999938964844,25102633
2016-03-22,18.731712341308597,23.68000030517578,24.030000686645508,23.209999084472656,23.38999938964844,16725000
2016-03-23,18.72380256652832,23.670000076293945,23.93000030517578,23.40999984741211,23.57999992370605,11361316
2016-03-24,19.214244842529297,24.290000915527344,24.739999771118164,23.26000022888184,23.399999618530277,19864853
2016-03-25,19.396183013916016,24.520000457763672,25.15999984741211,24.1200008392334,24.1200008392334,11195904
2016-03-28,19.894533157348636,25.149999618530277,25.790000915527344,24.61000061035156,24.6200008392334,20038886
2016-03-29,19.34081077575684,24.450000762939453,25.38999938964844,24.0,25.01000022888184,14210320
2016-03-30,19.665138244628903,24.86000061035156,24.959999084472656,24.3799991607666,24.600000381469727,10383696
2016-03-31,19.49901580810547,24.649999618530277,25.040000915527344,24.5,24.88999938964844,8909131
2016-04-01,19.364540100097656,24.479999542236328,24.8700008392334,24.15999984741211,24.450000762939453,7477853
2016-04-05,19.41991806030273,24.549999237060547,24.780000686645508,24.299999237060547,24.479999542236328,10373726
2016-04-06,19.910356521606445,25.170000076293945,25.25,24.489999771118164,24.59000015258789,12816662
2016-04-07,19.143051147460938,24.200000762939453,25.200000762939453,24.15999984741211,25.170000076293945,10881759
2016-04-08,18.88992118835449,23.8799991607666,24.399999618530277,23.440000534057617,24.200000762939453,10799991
2016-04-11,18.89783096313477,23.88999938964844,24.25,23.68000030517578,23.809999465942383,15498432
2016-04-12,18.76335334777832,23.71999931335449,23.8799991607666,23.43000030517578,23.86000061035156,6167201
2016-04-13,18.86618995666504,23.850000381469727,24.15999984741211,23.700000762939453,23.790000915527344,14722594
2016-04-14,19.103500366210938,24.149999618530277,24.26000022888184,23.75,24.040000915527344,9137143
2016-04-15,18.921560287475582,23.920000076293945,24.209999084472656,23.75,24.100000381469727,7051764
2016-04-18,18.57350730895996,23.479999542236328,23.799999237060547,23.350000381469727,23.790000915527344,5643577
2016-04-19,18.589324951171875,23.5,23.670000076293945,23.0,23.57999992370605,8204468
2016-04-20,18.589324951171875,23.5,23.5,23.5,23.5,0
2016-04-21,18.589324951171875,23.5,23.5,23.5,23.5,0
2016-04-22,18.589324951171875,23.5,23.5,23.5,23.5,0
2016-04-25,18.589324951171875,23.5,23.5,23.5,23.5,0
2016-04-26,18.589324951171875,23.5,23.5,23.5,23.5,0
2016-04-27,18.589324951171875,23.5,23.5,23.5,23.5,0
2016-04-28,18.589324951171875,23.5,23.5,23.5,23.5,0
2016-04-29,18.589324951171875,23.5,23.5,23.5,23.5,0
2016-05-03,18.589324951171875,23.5,23.5,23.5,23.5,0
2016-05-04,18.589324951171875,23.5,23.5,23.5,23.5,0
2016-05-05,18.589324951171875,23.5,23.5,23.5,23.5,0
2016-05-06,18.589324951171875,23.5,23.5,23.5,23.5,0
2016-05-09,18.589324951171875,23.5,23.5,23.5,23.5,0
2016-05-10,18.589324951171875,23.5,23.5,23.5,23.5,0
2016-05-11,18.589324951171875,23.5,23.5,23.5,23.5,0
2016-05-12,18.589324951171875,23.5,23.5,23.5,23.5,0
2016-05-13,18.589324951171875,23.5,23.5,23.5,23.5,0
2016-05-16,18.589324951171875,23.5,23.5,23.5,23.5,0
2016-05-17,19.427824020385746,24.559999465942383,25.780000686645508,24.399999618530277,25.780000686645508,58682047
2016-05-18,18.89783096313477,23.88999938964844,24.690000534057617,23.5,24.3700008392334,25453333
2016-05-19,18.684249877929688,23.6200008392334,24.100000381469727,23.489999771118164,23.809999465942383,17591721
2016-05-20,18.85037040710449,23.82999992370605,23.959999084472656,23.3700008392334,23.549999237060547,14328303
2016-05-23,18.984846115112305,24.0,24.13999938964844,23.63999938964844,23.809999465942383,12351727
2016-05-24,18.45485115051269,23.32999992370605,23.96999931335449,23.21999931335449,23.899999618530277,11651869
2016-05-25,18.31246566772461,23.149999618530277,23.57999992370605,23.100000381469727,23.43000030517578,9976532
2016-05-26,18.201719284057617,23.01000022888184,23.299999237060547,22.690000534057617,23.280000686645508,8384092
2016-05-27,18.494400024414062,23.3799991607666,23.6299991607666,22.90999984741211,23.0,9737083
2016-05-30,18.826635360717773,23.799999237060547,23.989999771118164,23.100000381469727,23.31999969482422,11894211
2016-05-31,19.41200256347656,24.540000915527344,24.56999969482422,23.8799991607666,23.8799991607666,15875909
2016-06-01,19.491107940673828,24.63999938964844,25.07999992370605,24.450000762939453,24.549999237060547,15820804
2016-06-02,19.633493423461918,24.81999969482422,24.950000762939453,24.63999938964844,24.799999237060547,9150388
2016-06-03,20.234682083129883,25.57999992370605,26.149999618530277,24.75,24.899999618530277,27367705
2016-06-06,20.78049659729004,26.270000457763672,26.59000015258789,25.68000030517578,25.920000076293945,30282540
2016-06-07,21.34212875366211,26.979999542236328,27.15999984741211,26.049999237060547,26.31999969482422,21859448
2016-06-08,20.80422592163086,26.299999237060547,26.959999084472656,26.1299991607666,26.959999084472656,14484329
2016-06-13,19.997371673583984,25.280000686645508,26.6299991607666,25.280000686645508,26.0,11882168
2016-06-14,21.02571678161621,26.57999992370605,26.6299991607666,25.399999618530277,25.399999618530277,16237625
2016-06-15,21.603172302246094,27.309999465942383,27.5,26.200000762939453,26.36000061035156,21858017
2016-06-16,21.603172302246094,27.309999465942383,27.979999542236328,27.040000915527344,27.1299991607666,13277218
2016-06-17,22.750173568725582,28.76000022888184,28.899999618530277,28.200000762939453,28.200000762939453,22194855
2016-06-20,22.821365356445312,28.850000381469727,29.1200008392334,28.01000022888184,28.700000762939453,13993605
2016-06-21,22.41793632507324,28.34000015258789,29.030000686645508,28.270000457763672,28.979999542236328,8730372
2016-06-22,22.694801330566406,28.690000534057617,28.809999465942383,28.1200008392334,28.1200008392334,5968614
2016-06-23,22.663158416748047,28.649999618530277,29.57999992370605,28.3799991607666,28.56999969482422,12408880
2016-06-24,22.599878311157227,28.56999969482422,29.229999542236328,28.0,28.57999992370605,12394042
2016-06-27,23.8813533782959,30.190000534057617,30.200000762939453,28.420000076293945,28.420000076293945,17551641
2016-06-28,23.984188079833984,30.31999969482422,30.540000915527344,29.86000061035156,30.229999542236328,10603796
2016-06-29,23.651952743530277,29.899999618530277,30.489999771118164,29.739999771118164,30.3700008392334,7754275
2016-06-30,23.49374389648437,29.700000762939453,30.96999931335449,29.479999542236328,30.0,18606125
2016-07-01,23.61240005493164,29.850000381469727,30.18000030517578,29.399999618530277,29.549999237060547,8145883
2016-07-04,23.72314453125,29.989999771118164,30.440000534057617,29.530000686645508,29.729999542236328,11628109
2016-07-05,23.93672561645508,30.26000022888184,30.850000381469727,29.979999542236328,30.0,14679937
2016-07-06,26.112070083618164,33.0099983215332,33.290000915527344,30.100000381469727,30.200000762939453,33498040
2016-07-07,25.45551300048828,32.18000030517578,33.08000183105469,31.780000686645508,32.58000183105469,20033619
2016-07-08,25.945953369140625,32.79999923706055,32.970001220703125,31.5,32.099998474121094,14300809
2016-07-11,26.01714515686035,32.88999938964844,34.959999084472656,32.40999984741211,32.5,27081598
2016-07-12,26.27027702331543,33.209999084472656,33.93000030517578,32.59000015258789,32.81999969482422,23253299
2016-07-13,25.78774642944336,32.599998474121094,33.31999969482422,32.130001068115234,33.290000915527344,16085848
2016-07-14,25.59789657592773,32.36000061035156,32.88999938964844,31.959999084472656,32.59000015258789,10491402
2016-07-15,25.708642959594727,32.5,32.63999938964844,31.700000762939453,32.41999816894531,14950201
2016-07-18,25.471336364746094,32.20000076293945,32.63999938964844,31.799999237060547,32.220001220703125,13042188
2016-07-19,24.55373191833496,31.040000915527344,32.29999923706055,30.520000457763672,32.29999923706055,28885961
2016-07-20,24.387615203857425,30.82999992370605,31.270000457763672,30.700000762939453,31.149999618530277,9672286
2016-07-21,24.6011962890625,31.100000381469727,31.600000381469727,30.82999992370605,30.850000381469727,13992201
2016-07-22,23.82597923278809,30.1200008392334,31.239999771118164,29.950000762939453,31.0,17154444
2016-07-25,24.055381774902344,30.40999984741211,30.82999992370605,29.90999984741211,30.06999969482422,13124646
2016-07-26,24.965070724487305,31.559999465942383,31.700000762939453,30.299999237060547,30.40999984741211,18010872
2016-07-27,25.154918670654297,31.799999237060547,31.8700008392334,30.309999465942383,31.5,18981646
2016-07-28,25.313127517700195,32.0,33.459999084472656,31.280000686645508,31.600000381469727,23980802
2016-07-29,25.70073509216309,32.4900016784668,33.25,32.04999923706055,32.04999923706055,17069287
2016-08-01,24.988800048828125,31.59000015258789,32.400001525878906,30.88999938964844,32.400001525878906,13881379
2016-08-02,24.60910415649414,31.11000061035156,31.68000030517578,30.450000762939453,31.3799991607666,15403854
2016-08-03,24.76731300354004,31.309999465942383,31.76000022888184,30.75,31.100000381469727,7440688
2016-08-04,24.6011962890625,31.100000381469727,31.280000686645508,30.649999618530277,31.25,7696935
2016-08-05,24.45880508422852,30.920000076293945,31.299999237060547,30.88999938964844,31.049999237060547,4546739
2016-08-08,24.83850479125977,31.399999618530277,31.399999618530277,30.600000381469727,30.899999618530277,12384641
2016-08-09,25.45551300048828,32.18000030517578,32.52000045776367,31.030000686645508,31.25,16271817
2016-08-10,25.41596221923828,32.130001068115234,32.38999938964844,31.90999984741211,32.13999938964844,9342426
2016-08-11,25.487154006958008,32.220001220703125,33.18000030517578,32.02000045776367,32.20000076293945,19951661
2016-08-12,25.26813697814941,31.149999618530277,31.5,30.459999084472656,31.190000534057617,15567827
2016-08-15,26.04686546325684,32.11000061035156,32.349998474121094,30.770000457763672,31.100000381469727,18482849
2016-08-16,25.649391174316406,31.6200008392334,32.97999954223633,31.459999084472656,32.099998474121094,22945223
2016-08-17,25.53582572937012,31.479999542236328,32.349998474121094,31.25,31.75,16846183
2016-08-18,25.633167266845703,31.600000381469727,31.850000381469727,31.299999237060547,31.420000076293945,9963625
2016-08-19,25.381702423095703,31.290000915527344,31.71999931335449,31.280000686645508,31.479999542236328,6339337
2016-08-22,25.868408203125,31.88999938964844,32.099998474121094,31.1299991607666,31.290000915527344,14704444
2016-08-23,25.900856018066406,31.93000030517578,32.58000183105469,31.399999618530277,31.84000015258789,13441605
2016-08-24,25.4547061920166,31.3799991607666,31.920000076293945,31.270000457763672,31.780000686645508,8877875
2016-08-25,25.12212181091309,30.96999931335449,31.299999237060547,30.75,31.18000030517578,9084983
2016-08-26,25.154571533203125,31.01000022888184,31.18000030517578,30.799999237060547,30.989999771118164,4845661
2016-08-29,25.08156394958496,30.920000076293945,31.200000762939453,30.799999237060547,31.040000915527344,4909021
2016-08-30,25.333032608032227,31.229999542236328,31.350000381469727,30.899999618530277,30.90999984741211,6581134
2016-08-31,25.852182388305664,31.8700008392334,32.119998931884766,31.350000381469727,31.399999618530277,13339440
2016-09-01,25.633167266845703,31.600000381469727,32.119998931884766,31.549999237060547,32.029998779296875,6943892
2016-09-02,25.446596145629883,31.3700008392334,31.770000457763672,31.18000030517578,31.5,6949509
2016-09-05,25.673723220825195,31.649999618530277,31.959999084472656,31.200000762939453,31.399999618530277,6875927
2016-09-06,26.111759185791016,32.189998626708984,32.189998626708984,31.5,31.649999618530277,10559154
2016-09-07,25.69805908203125,31.68000030517578,32.189998626708984,31.57999992370605,32.150001525878906,11063714
2016-09-08,25.66560935974121,31.63999938964844,31.850000381469727,31.5,31.739999771118164,6480260
2016-09-09,25.154571533203125,31.01000022888184,31.71999931335449,31.0,31.65999984741211,10002379
2016-09-12,24.213605880737305,29.850000381469727,30.670000076293945,29.6299991607666,30.299999237060547,14493092
2016-09-13,24.17304992675781,29.799999237060547,30.06999969482422,29.479999542236328,29.90999984741211,7694467
2016-09-14,23.9296932220459,29.5,29.790000915527344,29.31999969482422,29.6299991607666,5591053
2016-09-19,24.473180770874023,30.170000076293945,30.299999237060547,29.57999992370605,29.600000381469727,7429566
2016-09-20,24.335283279418945,30.0,30.25,29.950000762939453,30.06999969482422,4806729
2016-09-21,24.254165649414062,29.899999618530277,30.149999618530277,29.68000030517578,30.07999992370605,4705688
2016-09-22,24.757095336914062,30.520000457763672,30.68000030517578,29.959999084472656,30.059999465942383,9185707
2016-09-23,24.92744255065918,30.729999542236328,30.950000762939453,30.38999938964844,30.57999992370605,5651466
2016-09-26,24.367733001708984,30.040000915527344,30.600000381469727,29.989999771118164,30.5,5140147
2016-09-27,24.667865753173828,30.40999984741211,30.600000381469727,30.09000015258789,30.149999618530277,5460509
2016-09-28,24.54619026184082,30.26000022888184,30.5,30.149999618530277,30.43000030517578,2363801
2016-09-29,24.594860076904297,30.31999969482422,30.530000686645508,30.209999084472656,30.270000457763672,3625082
2016-09-30,25.211353302001957,31.07999992370605,31.51000022888184,30.25,30.31999969482422,14922196
2016-10-10,25.81973648071289,31.82999992370605,31.979999542236328,31.049999237060547,31.25,11743410
2016-10-11,25.7791805267334,31.780000686645508,32.0099983215332,31.40999984741211,31.700000762939453,7285998
2016-10-12,25.787288665771484,31.790000915527344,32.150001525878906,31.450000762939453,31.63999938964844,6881958
2016-10-13,25.43037223815918,31.350000381469727,32.09000015258789,31.280000686645508,31.799999237060547,7279720
2016-10-14,25.438486099243164,31.36000061035156,31.65999984741211,31.18000030517578,31.26000022888184,4881090
2016-10-17,25.30869483947754,31.200000762939453,31.700000762939453,31.15999984741211,31.5,4443752
2016-10-18,25.730504989624023,31.71999931335449,31.8799991607666,31.239999771118164,31.299999237060547,10052488
2016-10-19,25.933298110961918,31.96999931335449,31.96999931335449,31.59000015258789,31.739999771118164,8317367
2016-10-20,25.68183708190918,31.65999984741211,32.43000030517578,31.6200008392334,32.0099983215332,10375227
2016-10-21,25.69805908203125,31.68000030517578,31.850000381469727,31.32999992370605,31.75,6283422
2016-10-24,25.69805908203125,31.68000030517578,32.04999923706055,31.540000915527344,31.649999618530277,8741857
2016-10-25,27.004051208496094,33.290000915527344,33.29999923706055,31.61000061035156,31.61000061035156,21264631
2016-10-26,28.058582305908203,34.59000015258789,35.880001068115234,33.0099983215332,33.150001525878906,25090659
2016-10-27,28.27759552001953,34.86000061035156,35.18000030517578,33.900001525878906,34.20000076293945,13012059
2016-10-28,28.07480812072754,34.61000061035156,35.15999984741211,33.959999084472656,34.689998626708984,10378065
2016-10-31,27.90445709228516,34.400001525878906,34.779998779296875,33.650001525878906,34.459999084472656,7914065
2016-11-01,28.715635299682617,35.400001525878906,35.400001525878906,34.11000061035156,34.40999984741211,9987738
2016-11-02,28.066696166992188,34.599998474121094,35.43000030517578,34.470001220703125,35.41999816894531,8349258
2016-11-03,28.31004524230957,34.900001525878906,35.06999969482422,34.31999969482422,34.31999969482422,6263241
2016-11-04,27.68543815612793,34.130001068115234,35.0,33.720001220703125,34.70000076293945,7862535
2016-11-07,27.498872756958008,33.900001525878906,34.2400016784668,33.61000061035156,33.9900016784668,8236472
2016-11-08,27.961240768432617,34.470001220703125,34.95000076293945,33.939998626708984,34.150001525878906,9756114
2016-11-09,28.2045955657959,34.77000045776367,34.970001220703125,33.79999923706055,34.540000915527344,9850806
2016-11-10,28.39116668701172,35.0,35.189998626708984,34.75,35.0099983215332,7640245
2016-11-11,27.985578536987305,34.5,34.88999938964844,34.09000015258789,34.88999938964844,9784595
2016-11-14,27.352859497070312,33.720001220703125,34.470001220703125,33.5,34.25,14051799
2016-11-15,27.742225646972656,34.20000076293945,34.29999923706055,33.4900016784668,33.70000076293945,9263136
2016-11-16,27.33663558959961,33.70000076293945,34.36000061035156,33.459999084472656,34.15999984741211,8641014
2016-11-17,27.068946838378903,33.369998931884766,33.88999938964844,33.20000076293945,33.66999816894531,7507039
2016-11-18,27.004051208496094,33.290000915527344,33.619998931884766,33.20000076293945,33.38999938964844,5435773
2016-11-21,27.01216697692871,33.29999923706055,33.75,33.20000076293945,33.439998626708984,7914778
2016-11-22,27.093284606933597,33.400001525878906,33.65999984741211,33.15999984741211,33.349998474121094,8342989
2016-11-23,27.620546340942383,34.04999923706055,34.04999923706055,33.34000015258789,33.5,17750163
2016-11-24,27.3609676361084,33.72999954223633,34.16999816894531,33.400001525878906,34.130001068115234,16733371
2016-11-25,27.29607963562012,33.650001525878906,34.09000015258789,33.400001525878906,33.75,9005245
2016-11-28,27.40152740478516,33.779998779296875,34.349998474121094,33.630001068115234,33.970001220703125,11154033
2016-11-29,28.26948547363281,34.849998474121094,35.459999084472656,33.630001068115234,33.77000045776367,25927189
2016-11-30,27.815229415893555,34.290000915527344,35.060001373291016,34.15999984741211,34.810001373291016,12873167
2016-12-01,27.4664249420166,33.86000061035156,34.790000915527344,33.70000076293945,34.349998474121094,16817676
2016-12-02,27.255516052246094,33.599998474121094,34.04999923706055,33.459999084472656,33.88999938964844,8628504
2016-12-05,27.08517074584961,33.38999938964844,34.22999954223633,33.0099983215332,33.349998474121094,8096297
2016-12-06,27.41775321960449,33.79999923706055,33.95000076293945,33.31999969482422,33.31999969482422,7383960
2016-12-07,27.26362991333008,33.61000061035156,34.13999938964844,33.34000015258789,33.900001525878906,8709592
2016-12-08,27.693553924560547,34.13999938964844,34.84000015258789,33.540000915527344,33.599998474121094,18938311
2016-12-09,27.839563369750977,34.31999969482422,34.790000915527344,34.119998931884766,34.20000076293945,9577792
2016-12-12,26.76881217956543,33.0,35.2400016784668,32.779998779296875,34.7599983215332,17557348
2016-12-13,27.482646942138672,33.880001068115234,33.9900016784668,33.060001373291016,33.060001373291016,10883108
2016-12-14,27.22307014465332,33.560001373291016,34.0099983215332,33.40999984741211,33.77000045776367,8093828
2016-12-15,26.785036087036133,33.02000045776367,33.869998931884766,32.88999938964844,33.58000183105469,9009745
2016-12-16,26.752586364746094,32.97999954223633,33.279998779296875,32.81999969482422,33.0,6147696
2016-12-19,27.255516052246094,33.599998474121094,34.099998474121094,33.0,33.0,10981426
2016-12-20,27.08517074584961,33.38999938964844,33.68000030517578,33.279998779296875,33.400001525878906,6158264
2016-12-21,27.198732376098636,33.529998779296875,33.900001525878906,33.36000061035156,33.41999816894531,6921105
2016-12-22,27.004051208496094,33.290000915527344,33.75,33.18000030517578,33.54999923706055,6022577
2016-12-23,26.27399253845215,32.38999938964844,33.38999938964844,32.279998779296875,33.27000045776367,11730363
2016-12-26,26.249656677246094,32.36000061035156,32.5099983215332,31.770000457763672,32.06999969482422,6576268
2016-12-27,26.27399253845215,32.38999938964844,32.650001525878906,32.20000076293945,32.400001525878906,5265870
2016-12-28,26.184762954711918,32.279998779296875,32.58000183105469,32.02000045776367,32.439998626708984,5503890
2016-12-29,26.200990676879883,32.29999923706055,32.47999954223633,31.959999084472656,32.20000076293945,4306318
2016-12-30,26.76881217956543,33.0,33.20000076293945,32.33000183105469,32.59000015258789,9287822
2017-01-03,26.931047439575195,33.20000076293945,33.38999938964844,33.06999969482422,33.150001525878906,4971389
2017-01-04,27.8638973236084,34.349998474121094,34.5,33.119998931884766,33.18000030517578,11681838
2017-01-05,27.88823509216309,34.380001068115234,34.90999984741211,33.91999816894531,34.400001525878906,13376702
2017-01-06,27.928794860839844,34.43000030517578,34.90999984741211,34.150001525878906,34.150001525878906,10894820
2017-01-09,28.026138305664062,34.54999923706055,34.88999938964844,34.349998474121094,34.38999938964844,7241846
2017-01-10,27.87200927734375,34.36000061035156,34.77000045776367,34.29999923706055,34.43000030517578,4453789
2017-01-11,27.498872756958008,33.900001525878906,34.47999954223633,33.849998474121094,34.40999984741211,4292146
2017-01-12,26.83370780944824,33.08000183105469,34.18000030517578,33.0,33.900001525878906,7244740
2017-01-13,26.84992790222168,33.099998474121094,33.41999816894531,32.54999923706055,33.08000183105469,5823383
2017-01-16,26.56601905822754,32.75,33.2400016784668,31.989999771118164,32.81999969482422,6187869
2017-01-17,27.174400329589844,33.5,33.65999984741211,32.59000015258789,32.790000915527344,6993511
2017-01-18,27.78278160095215,34.25,34.45000076293945,33.45000076293945,33.47999954223633,11046359
2017-01-19,27.57999038696289,34.0,34.380001068115234,33.689998626708984,34.380001068115234,6949810
2017-01-20,27.64488220214844,34.08000183105469,34.16999816894531,33.599998474121094,33.959999084472656,5412888
2017-01-23,27.815229415893555,34.290000915527344,35.220001220703125,34.04999923706055,34.099998474121094,12631075
2017-01-24,27.82333755493164,34.29999923706055,34.38999938964844,33.939998626708984,34.15999984741211,5790200
2017-01-25,27.52320671081543,33.93000030517578,34.400001525878906,33.869998931884766,34.279998779296875,5961607
2017-01-26,27.328523635864254,33.689998626708984,34.04999923706055,33.31999969482422,33.91999816894531,4570555
2017-02-03,26.68769836425781,32.900001525878906,33.779998779296875,32.7400016784668,33.72999954223633,7297009
2017-02-06,27.01216697692871,33.29999923706055,33.470001220703125,32.79999923706055,33.0,7216917
2017-02-07,27.21495819091797,33.54999923706055,33.880001068115234,33.130001068115234,33.290000915527344,5681908
2017-02-08,27.377195358276367,33.75,33.93000030517578,33.31999969482422,33.5,5575336
2017-02-09,28.48039436340332,35.11000061035156,35.18000030517578,33.72999954223633,33.72999954223633,21024127
2017-02-10,28.155925750732425,34.709999084472656,35.220001220703125,34.68000030517578,35.099998474121094,9639472
2017-02-13,29.251012802124023,36.060001373291016,37.310001373291016,34.779998779296875,34.93000030517578,17547902
2017-02-14,29.60793113708496,36.5,36.84000015258789,35.599998474121094,35.93000030517578,11094070
2017-02-15,29.380800247192383,36.220001220703125,36.77000045776367,36.02000045776367,36.5,7321959
2017-02-16,29.48625373840332,36.34999847412109,36.459999084472656,35.66999816894531,36.20000076293945,6414559
2017-02-17,30.01351928710937,37.0,38.16999816894531,36.709999084472656,37.0,12110907
2017-02-20,31.36006736755371,38.65999984741211,38.95000076293945,37.060001373291016,37.130001068115234,17482991
2017-02-21,31.23028564453125,38.5,39.15999984741211,37.900001525878906,38.650001525878906,7058113
2017-02-22,31.481746673583984,38.810001373291016,39.5,38.09999847412109,38.5099983215332,8093784
2017-02-23,30.889591217041016,38.08000183105469,39.58000183105469,37.84999847412109,38.790000915527344,11555503
2017-02-24,31.11671638488769,38.36000061035156,38.619998931884766,37.56999969482422,38.18000030517578,6403476
2017-02-27,30.0540771484375,37.04999923706055,38.18000030517578,37.0,38.0,11494685
2017-02-28,30.329872131347656,37.38999938964844,37.72999954223633,36.95000076293945,37.0,7279508
2017-03-01,30.751684188842773,37.90999984741211,38.27999877929688,37.38999938964844,37.38999938964844,9089134
2017-03-02,30.78413391113281,37.95000076293945,38.75,37.70000076293945,38.0,7299060
2017-03-03,31.23028564453125,38.5,38.66999816894531,37.65999984741211,37.77000045776367,5001637
2017-03-06,31.23028564453125,38.5,39.15999984741211,38.0,38.5,10094643
2017-03-07,32.38214874267578,39.91999816894531,40.0,38.27999877929688,38.470001220703125,11806963
2017-03-08,32.38214874267578,39.91999816894531,40.130001068115234,39.54999923706055,39.93999862670898,8599409
2017-03-09,32.09823226928711,39.56999969482422,39.900001525878906,38.88999938964844,39.900001525878906,6254131
2017-03-10,32.04145812988281,39.5,40.34999847412109,39.20000076293945,39.34999847412109,8241409
2017-03-13,32.95808410644531,40.630001068115234,40.68000030517578,39.29999923706055,39.4900016784668,12339408
2017-03-14,32.42271041870117,39.970001220703125,41.20000076293945,39.43999862670898,40.709999084472656,10763471
2017-03-15,32.63361358642578,40.22999954223633,40.41999816894531,39.68000030517578,39.709999084472656,6586260
2017-03-16,32.40648651123047,39.95000076293945,41.15999984741211,39.58000183105469,40.29999923706055,8343588
2017-03-17,32.26047134399414,39.77000045776367,40.68999862670898,39.5099983215332,39.720001220703125,7063453
2017-03-20,32.12257766723633,39.59999847412109,40.25,39.52000045776367,39.7599983215332,9565000
2017-03-21,33.74492645263672,41.59999847412109,41.650001525878906,39.59999847412109,39.68000030517578,19196568
2017-03-22,34.872459411621094,42.9900016784668,42.9900016784668,40.880001068115234,41.09999847412109,14323007
2017-03-23,34.21540832519531,42.18000030517578,42.54999923706055,41.40999984741211,42.5099983215332,11896175
2017-03-24,34.11806869506836,42.060001373291016,43.27999877929688,41.34999847412109,42.150001525878906,15017840
2017-03-27,33.16899490356445,40.88999938964844,41.95000076293945,40.5,41.810001373291016,13433174
2017-03-28,33.25822067260742,41.0,41.16999816894531,40.18000030517578,40.90999984741211,9340388
2017-03-29,33.68003463745117,41.52000045776367,41.869998931884766,40.900001525878906,40.970001220703125,9044626
2017-03-30,33.89093780517578,41.77999877929688,42.209999084472656,41.0099983215332,41.54999923706055,8627319
2017-03-31,34.22351837158203,42.18999862670898,42.68999862670898,41.70000076293945,41.790000915527344,7689645
2017-04-05,34.19918441772461,42.15999984741211,43.20000076293945,42.02000045776367,42.09999847412109,8911408
2017-04-06,33.90715789794922,41.79999923706055,42.2599983215332,41.04999923706055,42.08000183105469,6962374
2017-04-07,33.70436477661133,41.54999923706055,41.900001525878906,41.380001068115234,41.65999984741211,4367196
2017-04-10,32.77151107788086,40.400001525878906,41.56999969482422,39.880001068115234,41.56999969482422,10293789
2017-04-11,32.40648651123047,39.95000076293945,40.68999862670898,39.0,40.20000076293945,12155805
2017-04-12,32.82018280029297,40.459999084472656,41.11000061035156,39.54999923706055,39.880001068115234,10502341
2017-04-13,33.47723388671875,41.27000045776367,41.54999923706055,40.310001373291016,40.310001373291016,6621474
2017-04-14,33.38801193237305,41.15999984741211,41.38999938964844,40.70000076293945,41.27000045776367,4657947
2017-04-17,34.02883529663086,41.95000076293945,42.5,40.77000045776367,40.97999954223633,9845539
2017-04-18,34.9211311340332,43.04999923706055,43.34000015258789,41.810001373291016,41.959999084472656,14127008
2017-04-19,35.29426956176758,43.5099983215332,44.59999847412109,43.29999923706055,43.79999923706055,23329203
2017-04-20,37.20864868164063,45.869998931884766,46.95000076293945,43.5,43.68999862670898,22971614
2017-04-21,37.05451965332031,45.68000030517578,47.18000030517578,45.0,46.0,14976381
2017-04-24,36.3406867980957,44.79999923706055,45.58000183105469,42.88999938964844,45.0,16582817
2017-04-25,38.53897857666016,47.5099983215332,47.5099983215332,44.83000183105469,45.0,15329725
2017-04-26,37.36277389526367,46.060001373291016,48.970001220703125,45.79999923706055,47.4900016784668,15489750
2017-04-27,37.922481536865234,46.75,46.880001068115234,45.130001068115234,46.130001068115234,7554480
2017-04-28,37.71969223022461,46.5,47.27999877929688,44.09999847412109,47.0,19331541
2017-05-02,36.73816680908203,45.290000915527344,46.02000045776367,44.22999954223633,45.20000076293945,9452868
2017-05-03,37.257320404052734,45.93000030517578,46.84999847412109,45.400001525878906,45.40999984741211,7025883
2017-05-04,37.01396942138672,45.630001068115234,46.25,45.0,45.93000030517578,6178801
2017-05-05,36.83551025390625,45.40999984741211,46.15999984741211,45.0099983215332,45.5,4002028
2017-05-08,35.44839859008789,43.70000076293945,45.4900016784668,43.560001373291016,45.47999954223633,8985527
2017-05-09,36.1622314453125,44.58000183105469,44.58000183105469,42.27999877929688,43.47999954223633,9936154
2017-05-10,36.2514533996582,44.68999862670898,45.90999984741211,44.33000183105469,44.59000015258789,6680118
2017-05-11,37.31410217285156,46.0,46.09000015258789,44.40999984741211,44.56999969482422,7928592
2017-05-12,37.581787109375,46.33000183105469,46.650001525878906,45.52000045776367,46.25,4935471
2017-05-15,38.11716842651367,46.9900016784668,47.59999847412109,45.91999816894531,46.0,7182535
2017-05-16,39.54483413696289,48.75,49.06999969482422,46.52000045776367,46.86000061035156,11692271
2017-05-17,38.24695587158203,47.150001525878906,48.77000045776367,47.09000015258789,48.77000045776367,10439869
2017-05-18,37.97926330566406,46.81999969482422,47.84999847412109,46.459999084472656,47.209999084472656,6883275
2017-05-19,38.30373764038086,47.220001220703125,47.470001220703125,46.61000061035156,46.61000061035156,5717541
2017-05-22,38.43352508544922,47.380001068115234,47.59999847412109,46.5,46.77999877929688,6497362
2017-05-23,39.50428009033203,48.70000076293945,49.119998931884766,47.04999923706055,47.04999923706055,13826534
2017-05-24,39.082462310791016,48.18000030517578,48.79999923706055,47.08000183105469,48.43000030517578,8268080
2017-05-25,39.22036361694336,48.34999847412109,48.66999816894531,47.68000030517578,48.0,4407059
2017-05-26,39.36637878417969,48.52999877929688,48.7400016784668,47.5,48.59999847412109,4802450
2017-05-31,39.11491012573242,48.220001220703125,48.40999984741211,46.93999862670898,48.09999847412109,10254238
2017-06-01,38.94456481933594,48.0099983215332,48.47999954223633,47.459999084472656,47.7400016784668,5477249
2017-06-02,38.498416900634766,47.459999084472656,48.2400016784668,47.09999847412109,48.02000045776367,5737295
2017-06-05,37.87381362915039,46.68999862670898,47.630001068115234,46.470001220703125,47.369998931884766,5255431
2017-06-06,38.78232955932617,47.810001373291016,47.86000061035156,46.5099983215332,46.5099983215332,6451408
2017-06-07,40.20188522338867,49.560001373291016,49.59999847412109,47.65999984741211,47.900001525878906,15023381
2017-06-08,40.55880355834961,50.0,50.97999954223633,49.0099983215332,49.5,9766772
2017-06-09,40.43712615966797,49.84999847412109,51.09999847412109,49.4900016784668,49.7599983215332,7201030
2017-06-12,41.386207580566406,51.02000045776367,52.59999847412109,49.900001525878906,49.9900016784668,10872397
2017-06-13,41.27263641357422,50.880001068115234,51.29999923706055,49.75,51.04999923706055,6065040
2017-06-14,40.7453727722168,50.22999954223633,51.25,49.650001525878906,50.29999923706055,6733453
2017-06-15,39.82875061035156,49.09999847412109,50.25,48.52999877929688,50.09999847412109,10725723
2017-06-16,39.99909591674805,49.310001373291016,49.97999954223633,48.29999923706055,49.11000061035156,7089516
2017-06-19,40.79328918457031,49.310001373291016,49.310001373291016,49.310001373291016,49.310001373291016,0
2017-06-20,40.78501510620117,49.29999923706055,49.54999923706055,48.70000076293945,49.0099983215332,8450377
2017-06-21,41.48820877075195,50.150001525878906,50.150001525878906,48.5,49.34999847412109,10521934
2017-06-22,41.3144760131836,49.93999862670898,50.900001525878906,49.70000076293945,50.04999923706055,13074695
2017-06-23,41.3972053527832,50.040000915527344,50.11000061035156,49.0,49.79999923706055,7713309
2017-06-26,43.18413162231445,52.20000076293945,52.20000076293945,50.09999847412109,50.27999877929688,15833840
2017-06-27,42.85322189331055,51.79999923706055,52.20000076293945,51.0,52.150001525878906,8530868
2017-06-28,41.86048126220703,50.59999847412109,51.79999923706055,50.4900016784668,51.79999923706055,5936915
2017-06-29,41.83565902709961,50.56999969482422,50.79999923706055,49.97999954223633,50.79999923706055,6872322
2017-06-30,41.843936920166016,50.58000183105469,51.0,49.95000076293945,50.29999923706055,6442310
2017-07-03,40.470645904541016,48.91999816894531,50.83000183105469,48.66999816894531,50.7400016784668,12040558
2017-07-04,39.58545684814453,47.84999847412109,48.75,46.68000030517578,48.75,14533994
2017-07-05,40.371368408203125,48.79999923706055,49.33000183105469,47.369998931884766,47.70000076293945,9761519
2017-07-06,40.38791275024414,48.81999969482422,49.150001525878906,47.93000030517578,48.79999923706055,6968097
2017-07-07,39.91636657714844,48.25,48.79999923706055,47.4900016784668,48.79999923706055,10088802
2017-07-10,39.97426986694336,48.31999969482422,48.83000183105469,46.880001068115234,47.900001525878906,16207416
2017-07-11,41.01665115356445,49.58000183105469,49.9900016784668,48.0,48.0,12889034
2017-07-12,40.2390022277832,48.63999938964844,49.58000183105469,48.5,49.560001373291016,6213023
2017-07-13,40.38791275024414,48.81999969482422,49.45000076293945,48.5,48.9900016784668,5072099
2017-07-14,40.66919708251953,49.15999984741211,49.2599983215332,48.13999938964844,48.5099983215332,4008660
2017-07-17,39.68472671508789,47.970001220703125,49.52000045776367,46.5,49.150001525878906,6366067
2017-07-18,40.1314582824707,48.5099983215332,48.68000030517578,47.5,47.84999847412109,7155740
2017-07-19,41.29792404174805,49.91999816894531,50.22999954223633,48.54999923706055,48.54999923706055,9382072
2017-07-20,42.48093795776367,51.34999847412109,51.560001373291016,50.04999923706055,50.5099983215332,9667930
2017-07-21,42.50575637817383,51.380001068115234,52.16999816894531,50.72999954223633,51.34999847412109,6864323
2017-07-24,43.50677108764648,52.59000015258789,53.95000076293945,51.380001068115234,51.380001068115234,10318694
2017-07-25,43.97005462646485,53.150001525878906,53.86000061035156,52.400001525878906,52.709999084472656,7834560
2017-07-26,43.018672943115234,52.0,53.84999847412109,51.25,53.0,7825993
2017-07-27,43.68050003051758,52.79999923706055,53.29999923706055,51.59999847412109,52.29999923706055,6327170
2017-07-28,45.60807037353516,55.130001068115234,55.18999862670898,52.20000076293945,52.5099983215332,10470057
2017-07-31,45.80660629272461,55.369998931884766,57.59999847412109,55.0,55.25,15404575
2017-08-01,46.79108428955078,56.560001373291016,56.58000183105469,54.72999954223633,55.58000183105469,6281544
2017-08-02,45.91416549682617,55.5,56.47999954223633,54.77000045776367,56.0,8195763
2017-08-03,44.59051513671875,53.900001525878906,55.54999923706055,53.650001525878906,55.54999923706055,8559164
2017-08-04,44.13550567626953,53.34999847412109,54.13999938964844,52.84999847412109,53.43000030517578,7067237
2017-08-07,46.31953048706055,55.9900016784668,56.29999923706055,52.95000076293945,53.47999954223633,11198558
2017-08-08,46.49325942993164,56.20000076293945,57.29999923706055,55.40999984741211,56.0,6965794
2017-08-09,48.66073989868164,58.81999969482422,59.18999862670898,55.34999847412109,55.880001068115234,13432524
2017-08-10,48.08992004394531,58.130001068115234,60.540000915527344,57.56999969482422,58.58000183105469,15227653
2017-08-11,46.81589889526367,56.59000015258789,58.130001068115234,56.27999877929688,58.04999923706055,9543864
2017-08-14,47.15509033203125,57.0,58.2599983215332,56.29999923706055,56.38999938964844,13716582
2017-08-15,47.3536376953125,57.2400016784668,57.380001068115234,56.18000030517578,57.0099983215332,7550817
2017-08-16,47.03926467895508,56.86000061035156,57.45000076293945,56.5,57.02000045776367,6702302
2017-08-17,46.25334548950195,55.90999984741211,56.83000183105469,55.29999923706055,56.34999847412109,8205574
2017-08-18,46.4105224609375,56.09999847412109,56.560001373291016,55.36000061035156,55.400001525878906,5213707
2017-08-21,46.17061614990234,55.810001373291016,56.7400016784668,55.09000015258789,56.25,6086723
2017-08-22,45.42606735229492,54.90999984741211,55.68000030517578,52.209999084472656,55.68000030517578,20410580
2017-08-23,45.69906997680664,55.2400016784668,55.43000030517578,53.900001525878906,54.380001068115234,9222082
2017-08-24,44.706336975097656,54.040000915527344,55.25,54.0,55.09999847412109,5532170
2017-08-25,44.63187789916992,53.95000076293945,54.29999923706055,52.900001525878906,54.0,8841574
2017-08-28,45.28542709350586,54.7400016784668,55.84999847412109,54.47999954223633,54.5,12171196
2017-08-29,44.47468948364258,53.7599983215332,54.88999938964844,53.29999923706055,53.900001525878906,15205107
2017-08-30,45.50052261352539,55.0,55.060001373291016,53.54999923706055,54.0,9636691
2017-08-31,45.732154846191406,55.27999877929688,55.86000061035156,54.27999877929688,55.08000183105469,8650461
2017-09-01,45.70734024047852,55.25,55.27999877929688,54.29999923706055,54.900001525878906,10077558
2017-09-04,44.73941802978516,54.08000183105469,55.0,53.70000076293945,55.0,7998248
2017-09-05,44.44987106323242,53.72999954223633,54.20000076293945,53.59999847412109,53.900001525878906,6916185
2017-09-06,44.04450607299805,53.2400016784668,54.150001525878906,53.130001068115234,53.77000045776367,6666294
2017-09-07,44.17687225341797,53.400001525878906,53.86000061035156,52.400001525878906,53.310001373291016,7336326
2017-09-08,42.638126373291016,51.540000915527344,53.2400016784668,51.400001525878906,53.04999923706055,12693775
2017-09-11,43.018672943115234,52.0,52.470001220703125,50.04999923706055,51.02000045776367,16722541
2017-09-12,43.3495979309082,52.400001525878906,52.54999923706055,51.5,51.61000061035156,12524467
2017-09-13,45.227516174316406,54.66999816894531,55.45000076293945,52.70000076293945,52.70000076293945,25312280
2017-09-14,45.16960144042969,54.59999847412109,55.27999877929688,53.77000045776367,54.5,13200686
2017-09-15,45.49224853515625,54.9900016784668,55.31999969482422,54.060001373291016,54.59000015258789,12222073
2017-09-18,46.55944442749024,56.27999877929688,56.72999954223633,55.0099983215332,55.20000076293945,11970001
2017-09-19,45.66597366333008,55.20000076293945,57.36000061035156,55.08000183105469,56.310001373291016,10238365
2017-09-20,46.0134391784668,55.619998931884766,56.880001068115234,55.22999954223633,55.52999877929688,8367107
2017-09-21,45.60807037353516,55.130001068115234,56.0,54.79999923706055,55.59999847412109,5341521
2017-09-22,46.02998352050781,55.63999938964844,56.0,54.90999984741211,55.08000183105469,5025102
2017-09-25,47.52735900878906,57.45000076293945,57.5,55.5099983215332,55.630001068115234,12234198
2017-09-26,46.93999099731445,56.7400016784668,57.45000076293945,56.22999954223633,57.36000061035156,6845359
2017-09-27,46.49325942993164,56.20000076293945,56.72999954223633,55.709999084472656,56.59000015258789,5812658
2017-09-28,46.98963165283203,56.79999923706055,57.5,56.18000030517578,56.18000030517578,9710113
2017-09-29,46.4105224609375,56.09999847412109,57.650001525878906,56.060001373291016,56.70000076293945,8296774
2017-10-09,46.64217376708984,56.380001068115234,57.36000061035156,55.54999923706055,56.70000076293945,9351748
2017-10-10,47.73418045043945,57.70000076293945,57.790000915527344,56.06999969482422,56.4900016784668,10014351
2017-10-11,48.97510528564453,59.20000076293945,59.97999954223633,57.209999084472656,57.5,14103698
2017-10-12,49.22329330444336,59.5,59.95000076293945,58.27999877929688,59.20000076293945,8480272
2017-10-13,48.80965042114258,59.0,60.119998931884766,58.84999847412109,59.20000076293945,7853355
2017-10-16,47.68454360961914,57.63999938964844,59.45000076293945,57.04999923706055,58.869998931884766,9140550
2017-10-17,47.19644927978516,57.04999923706055,58.040000915527344,56.5,57.709999084472656,9065265
2017-10-18,48.3629150390625,58.459999084472656,58.68999862670898,56.65999984741211,56.93000030517578,8849885
2017-10-19,49.1571044921875,59.41999816894531,60.09999847412109,57.900001525878906,58.0,12219178
2017-10-20,47.99063491821289,58.0099983215332,58.9900016784668,57.2599983215332,58.84999847412109,9190374
2017-10-23,47.88309860229492,57.880001068115234,58.2400016784668,57.0099983215332,57.88999938964844,8419640
2017-10-24,48.6524658203125,58.810001373291016,58.88999938964844,57.31999969482422,57.70000076293945,10246128
2017-10-25,47.80036544799805,57.77999877929688,58.79999923706055,57.5,58.54999923706055,8267843
2017-10-26,48.68555068969727,58.84999847412109,60.619998931884766,58.54999923706055,59.7400016784668,18630290
2017-10-27,49.471473693847656,59.79999923706055,60.45000076293945,57.20000076293945,58.90999984741211,23039021
2017-10-30,49.51283264160156,59.84999847412109,60.400001525878906,57.880001068115234,59.11000061035156,15569419
2017-10-31,50.36494064331055,60.880001068115234,62.0,58.7599983215332,59.25,15362526
2017-11-01,51.50658798217773,62.2599983215332,62.9900016784668,60.93999862670898,61.0,17753122
2017-11-02,54.02152633666992,65.30000305175781,65.69999694824219,63.09999847412109,63.09999847412109,21444898
2017-11-03,53.69889068603516,64.91000366210938,66.66000366210938,64.30999755859375,65.2300033569336,14099938
2017-11-06,54.96463394165039,66.44000244140625,66.87000274658203,64.30000305175781,65.0,14196073
2017-11-07,55.09699630737305,66.5999984741211,69.08000183105469,65.80000305175781,66.0,12203771
2017-11-08,53.7816162109375,65.01000213623047,68.4800033569336,64.79000091552734,67.66999816894531,18439521
2017-11-09,55.51890182495117,67.11000061035156,67.1500015258789,63.54999923706055,65.30000305175781,17722230
2017-11-10,56.660552978515625,68.48999786376953,69.0999984741211,66.5,66.68000030517578,15749625
2017-11-13,55.90773010253906,67.58000183105469,68.87999725341797,67.41999816894531,68.5,10529129
2017-11-14,54.25317001342773,65.58000183105469,67.55000305175781,64.80000305175781,67.26000213623047,14915725
2017-11-15,55.68436050415039,67.30999755859375,67.30999755859375,65.19999694824219,65.9000015258789,15823793
2017-11-16,58.43093490600586,70.62999725341797,70.80000305175781,66.77999877929688,66.80000305175781,22056713
2017-11-17,57.09074401855469,69.01000213623047,69.93000030517578,67.30000305175781,69.30000305175781,22154690
2017-11-20,56.660552978515625,68.48999786376953,68.91000366210938,66.5999984741211,68.44999694824219,13356066
2017-11-21,58.050384521484375,70.16999816894531,70.44999694824219,65.98999786376953,67.30000305175781,16579556
2017-11-22,55.982181549072266,67.66999816894531,70.69000244140625,66.45999908447266,69.77999877929688,14436973
2017-11-23,52.54068756103516,63.5099983215332,66.5999984741211,63.45000076293945,66.55000305175781,18199047
2017-11-24,53.078426361083984,64.16000366210938,64.16000366210938,61.0,63.31999969482422,16950859
2017-11-27,52.05258941650391,62.91999816894531,64.26000213623047,61.130001068115234,62.900001525878906,13688222
2017-11-28,52.11050415039063,62.9900016784668,64.27999877929688,61.84999847412109,61.84999847412109,10921733
2017-11-29,50.38976287841797,60.90999984741211,63.29999923706055,60.04999923706055,63.25,14392163
2017-11-30,49.041290283203125,59.27999877929688,61.68000030517578,58.5,60.65999984741211,12456577
2017-12-01,49.64520263671875,60.0099983215332,60.43000030517578,58.97999954223633,59.56999969482422,9491685
2017-12-04,51.58104705810547,62.34999847412109,63.09999847412109,59.5099983215332,60.18999862670898,11848020
2017-12-05,51.79613876342773,62.61000061035156,64.44999694824219,61.810001373291016,62.310001373291016,13791914
2017-12-06,50.50557708740234,61.04999923706055,63.5,60.20000076293945,62.5,12786289
2017-12-07,48.99164962768555,59.220001220703125,61.16999816894531,58.70000076293945,61.08000183105469,11738450
2017-12-08,50.21602630615234,60.70000076293945,60.9900016784668,58.79999923706055,58.83000183105469,10972187
2017-12-11,52.63169097900391,63.619998931884766,63.79999923706055,61.0,61.27999877929688,16716703
2017-12-12,52.04432678222656,62.90999984741211,64.5,62.75,64.0,7363462
2017-12-13,54.38552474975586,65.73999786376953,65.83000183105469,62.58000183105469,62.77000045776367,11467562
2017-12-14,54.410343170166016,65.7699966430664,66.76000213623047,64.48999786376953,65.7300033569336,8588429
2017-12-15,53.77334213256836,65.0,67.0,64.7300033569336,65.68000030517578,7964947
2017-12-18,55.2293586730957,66.76000213623047,68.0,65.69000244140625,65.69000244140625,11489236
2017-12-19,55.41963577270508,66.98999786376953,68.25,66.19000244140625,66.9000015258789,9658311
2017-12-20,56.4206428527832,68.19999694824219,69.0,65.83999633789062,66.83999633789062,13002046
2017-12-21,56.47027969360352,68.26000213623047,68.9800033569336,67.43000030517578,68.0,9680847
2017-12-22,54.69990158081055,66.12000274658203,68.48999786376953,65.93000030517578,68.30000305175781,13722485
2017-12-25,54.91498947143555,66.37999725341797,67.69999694824219,65.4000015258789,66.63999938964844,10984621
2017-12-26,54.05461502075195,65.33999633789062,66.80000305175781,64.75,66.58000183105469,8148809
2017-12-27,52.6978759765625,63.70000076293945,66.0,63.45000076293945,65.27999877929688,8730990
2017-12-28,54.890174865722656,66.3499984741211,67.0,64.69999694824219,65.52999877929688,18276198
2017-12-29,54.600624084472656,66.0,68.48999786376953,65.0,67.0,12281448
2018-01-02,54.41861724853516,65.77999877929688,66.79000091552734,65.0999984741211,66.5,12305989
2018-01-03,54.93153762817383,66.4000015258789,66.76000213623047,65.37999725341797,66.0199966430664,10830007
2018-01-04,56.87564849853516,68.75,68.81999969482422,66.0199966430664,66.0199966430664,17043669
2018-01-05,56.29656219482422,68.05000305175781,68.94000244140625,67.54000091552734,68.76000213623047,10279909
2018-01-08,56.6274642944336,68.44999694824219,70.0199966430664,67.05000305175781,67.9000015258789,10807965
2018-01-09,58.15794372558594,70.30000305175781,71.05999755859375,68.19999694824219,68.4000015258789,13116152
2018-01-10,58.67912292480469,70.93000030517578,71.0199966430664,69.0,70.29000091552734,12549450
2018-01-11,58.02556991577149,70.13999938964844,71.20999908447266,69.69999694824219,70.9000015258789,7381376
2018-01-12,58.75357437133789,71.0199966430664,71.5999984741211,69.9000015258789,70.19999694824219,8269037
2018-01-15,60.2095947265625,72.77999877929688,74.4000015258789,71.5999984741211,71.5999984741211,17205121
2018-01-16,60.697696685791016,73.37000274658203,75.26000213623047,71.70999908447266,72.41000366210938,11918088
2018-01-17,57.9676628112793,70.06999969482422,73.83000183105469,69.9000015258789,73.2300033569336,12999052
2018-01-18,58.03384017944336,70.1500015258789,71.31999969482422,68.37999725341797,69.63999938964844,16757741
2018-01-19,56.1641845703125,67.88999938964844,70.26000213623047,67.5999984741211,70.19999694824219,17173326
2018-01-22,58.6543083190918,70.9000015258789,70.98999786376953,68.41000366210938,68.45999908447266,13908056
2018-01-23,58.33994674682617,70.5199966430664,71.23999786376953,69.5199966430664,70.87000274658203,8761671
2018-01-24,56.87564849853516,68.75,70.76000213623047,68.30000305175781,70.69999694824219,11908873
2018-01-25,56.75983810424805,68.61000061035156,69.18000030517578,66.69000244140625,68.72000122070312,11220336
2018-01-26,57.074195861816406,68.98999786376953,69.18000030517578,67.70999908447266,68.0,8776957
2018-01-29,54.43517303466797,65.80000305175781,68.98999786376953,65.11000061035156,68.98999786376953,18409194
2018-01-30,53.84779357910156,65.08999633789062,66.25,63.70000076293945,64.9000015258789,14669159
2018-01-31,54.0297966003418,65.30999755859375,66.4800033569336,64.37000274658203,64.37000274658203,11662786
2018-02-01,52.127044677734375,63.0099983215332,64.76000213623047,61.52000045776367,64.76000213623047,19022232
2018-02-02,52.44969177246094,63.400001525878906,63.619998931884766,61.5,62.5,12231473
2018-02-05,49.20674514770508,59.47999954223633,61.47999954223633,57.060001373291016,60.31999969482422,22367059
2018-02-06,49.00820159912109,59.2400016784668,60.34999847412109,57.16999816894531,57.220001220703125,13875555
2018-02-07,46.06307601928711,55.68000030517578,61.45000076293945,55.400001525878906,60.34999847412109,14626833
2018-02-08,46.70008087158203,56.45000076293945,57.5099983215332,55.119998931884766,55.68000030517578,10867723
2018-02-09,45.872802734375,55.45000076293945,55.459999084472656,53.060001373291016,54.83000183105469,15085080
2018-02-12,48.47046661376953,58.59000015258789,59.63999938964844,55.70000076293945,55.70000076293945,12718614
2018-02-13,48.13127899169922,58.18000030517578,60.15999984741211,58.040000915527344,58.77999877929688,7885548
2018-02-14,49.057838439941406,59.29999923706055,59.65999984741211,57.9900016784668,59.09999847412109,5982264
2018-02-22,51.62241363525391,62.400001525878906,62.400001525878906,60.0,60.0,7999639
2018-02-23,51.17567825317383,61.86000061035156,62.880001068115234,61.400001525878906,62.40999984741211,5319398
2018-02-26,50.919219970703125,61.54999923706055,62.45000076293945,60.08000183105469,62.27999877929688,6910114
2018-02-27,49.711387634277344,60.09000015258789,62.29999923706055,60.04999923706055,61.880001068115234,6238354
2018-02-28,48.32155227661133,58.40999984741211,60.77999877929688,57.5,58.86000061035156,9235862
2018-03-01,49.19020462036133,59.459999084472656,60.09999847412109,57.91999816894531,58.58000183105469,6505154
2018-03-02,49.38046646118164,59.68999862670898,59.97999954223633,58.79999923706055,59.400001525878906,5036496
2018-03-05,47.73418045043945,57.70000076293945,60.04999923706055,57.4900016784668,59.25,6720221
2018-03-06,47.88309860229492,57.880001068115234,58.650001525878906,56.0099983215332,58.150001525878906,8717672
2018-03-07,47.98236846923828,58.0,58.869998931884766,57.25,57.84000015258789,5899840
2018-03-08,49.09092330932617,59.34000015258789,59.45000076293945,57.56999969482422,58.02000045776367,5906458
2018-03-09,49.4880256652832,59.81999969482422,60.790000915527344,59.38999938964844,59.93999862670898,8080023
2018-03-12,48.85928726196289,59.060001373291016,60.5,58.0,60.45000076293945,7342424
2018-03-13,48.01545715332031,58.040000915527344,59.0,58.0,58.79999923706055,6396993
2018-03-14,49.84375,60.25,60.63999938964844,57.619998931884766,58.0,9987051
2018-03-15,51.12604141235352,61.79999923706055,62.790000915527344,60.0,60.13999938964844,9904239
2018-03-16,50.28220748901367,60.77999877929688,62.52999877929688,60.70000076293945,61.720001220703125,5174285
2018-03-19,50.43112182617188,60.959999084472656,61.70000076293945,60.36000061035156,60.79999923706055,3658258
2018-03-20,49.570743560791016,59.91999816894531,60.560001373291016,59.59000015258789,60.5,3934845
2018-03-21,49.38874435424805,59.70000076293945,60.56999969482422,59.5,60.130001068115234,3643661
2018-03-22,47.37017822265625,57.2599983215332,59.97999954223633,57.08000183105469,59.56999969482422,8235235
2018-03-23,47.11372375488281,56.95000076293945,56.95000076293945,54.5,55.310001373291016,11586649
2018-03-26,46.84899139404297,56.630001068115234,57.560001373291016,55.790000915527344,56.20000076293945,7847208
2018-03-27,46.120975494384766,55.75,57.75,55.16999816894531,57.29999923706055,10163181
2018-03-28,43.68877029418945,52.810001373291016,55.59999847412109,52.310001373291016,55.4900016784668,14288693
2018-03-29,46.898624420166016,56.68999862670898,57.56999969482422,52.91999816894531,53.84999847412109,16557202
2018-03-30,46.94826126098633,56.75,57.59999847412109,56.209999084472656,56.810001373291016,9829949
2018-04-02,47.95755386352539,57.970001220703125,58.650001525878906,56.040000915527344,56.54999923706055,10704448
2018-04-03,49.33083724975586,59.630001068115234,60.470001220703125,57.0099983215332,57.34999847412109,14064531
2018-04-04,50.22430419921875,60.709999084472656,62.5,60.150001525878906,60.20000076293945,14363592
2018-04-09,50.7454833984375,61.34000015258789,62.0,59.86000061035156,60.70000076293945,7881672
2018-04-10,50.927494049072266,61.560001373291016,61.70000076293945,60.220001220703125,61.209999084472656,6257648
2018-04-11,50.59657669067383,61.15999984741211,63.400001525878906,60.34999847412109,61.959999084472656,8349719
2018-04-12,51.20048904418945,61.88999938964844,62.75,60.5,61.09999847412109,6412988
2018-04-13,49.97611618041992,60.40999984741211,62.25,59.810001373291016,61.88999938964844,7738320
2018-04-16,50.77030944824219,61.369998931884766,61.5,58.68000030517578,60.0,9083989
2018-04-17,49.446659088134766,59.77000045776367,61.45000076293945,59.66999816894531,60.33000183105469,4495788
2018-04-18,48.34636688232422,58.43999862670898,60.59999847412109,57.11000061035156,60.0099983215332,8391842
2018-04-19,50.19948196411133,60.68000030517578,60.68000030517578,57.65999984741211,58.59999847412109,8363137
2018-04-20,50.04230117797852,60.4900016784668,62.0,59.75,60.869998931884766,8840983
2018-04-23,49.09919738769531,59.34999847412109,60.84999847412109,59.0099983215332,60.20000076293945,4869891
2018-04-24,51.84577178955078,62.66999816894531,63.18000030517578,59.43999862670898,59.63999938964844,11656903
2018-04-25,51.945045471191406,62.790000915527344,63.20000076293945,61.810001373291016,62.06999969482422,6445735
2018-04-26,49.74448013305664,60.130001068115234,62.400001525878906,59.38999938964844,62.400001525878906,15774262
2018-04-27,49.82720947265625,60.22999954223633,60.84999847412109,57.56999969482422,60.27000045776367,10196309
2018-05-02,49.231563568115234,59.5099983215332,59.900001525878906,58.09999847412109,59.65999984741211,8776184
2018-05-03,50.00920486450195,60.45000076293945,60.9900016784668,58.58000183105469,59.470001220703125,8548470
2018-05-04,50.149845123291016,60.619998931884766,61.65999984741211,60.04999923706055,60.459999084472656,7388342
2018-05-07,53.194244384765625,64.30000305175781,64.66000366210938,60.619998931884766,60.619998931884766,14295903
2018-05-08,53.36796951293945,64.51000213623047,65.2699966430664,63.79999923706055,64.25,10297085
2018-05-09,54.14561080932617,65.44999694824219,65.44999694824219,63.900001525878906,64.83999633789062,5325885
2018-05-10,54.64199447631836,66.05000305175781,66.56999969482422,64.7300033569336,65.44999694824219,9500732
2018-05-11,53.690616607666016,64.9000015258789,66.98999786376953,64.68000030517578,65.9000015258789,7388339
2018-05-14,55.41136169433594,66.9800033569336,66.9800033569336,64.79000091552734,64.80000305175781,8321539
2018-05-15,55.0142707824707,66.5,66.88999938964844,65.26000213623047,66.66000366210938,8917631
2018-05-16,55.34518051147461,66.9000015258789,67.66000366210938,65.80000305175781,66.22000122070312,8268264
2018-05-17,53.72370910644531,64.94000244140625,66.94999694824219,64.4000015258789,66.9000015258789,6143588
2018-05-18,54.55925750732422,65.94999694824219,65.98999786376953,64.4000015258789,64.69999694824219,5735432
2018-05-21,54.493072509765625,65.87000274658203,67.04000091552734,65.5,66.5999984741211,4152824
2018-05-22,55.31208801269531,66.86000061035156,67.25,65.41000366210938,65.87000274658203,6282024
2018-05-23,53.71543884277344,64.93000030517578,67.27999877929688,64.56999969482422,66.86000061035156,6229702
2018-05-24,53.48380279541016,64.6500015258789,65.93000030517578,64.22000122070312,64.94000244140625,5139593
2018-05-25,54.64199447631836,66.05000305175781,66.44999694824219,64.25,64.6500015258789,6867273
2018-05-28,56.6274642944336,68.44999694824219,69.30000305175781,65.69999694824219,66.0999984741211,10982118
2018-05-29,55.80845260620117,67.45999908447266,69.26000213623047,67.30000305175781,68.5,8722415
2018-05-30,55.60990905761719,67.22000122070312,68.45999908447266,65.83999633789062,67.0,7892090
2018-05-31,57.16520309448242,69.0999984741211,69.55000305175781,66.91999816894531,67.80999755859375,11431575
2018-06-01,55.99045944213867,67.68000030517578,69.6500015258789,67.30000305175781,69.08000183105469,8053952
2018-06-04,57.52921295166016,69.54000091552734,69.66000366210938,67.25,67.91000366210938,12740729
2018-06-05,57.752567291259766,69.80999755859375,70.12999725341797,68.30000305175781,69.5199966430664,11012964
2018-06-06,57.314109802246094,69.27999877929688,70.44000244140625,69.05000305175781,69.9000015258789,8775747
2018-06-07,56.33791732788086,68.0999984741211,69.77999877929688,67.87999725341797,69.69000244140625,7420058
2018-06-08,56.49510955810547,68.29000091552734,69.11000061035156,67.25,68.0999984741211,5686128
2018-06-11,56.35446548461914,68.12000274658203,69.30000305175781,67.30000305175781,68.29000091552734,7597587
2018-06-12,57.909759521484375,70.0,70.48999786376953,67.70999908447266,68.41999816894531,10766906
2018-06-13,57.62020492553711,69.6500015258789,70.45999908447266,69.30000305175781,69.69999694824219,6158266
2018-06-14,55.5850944519043,67.19000244140625,70.19999694824219,66.08000183105469,69.51000213623047,10693493
2018-06-15,55.61818313598633,67.2300033569336,67.75,66.44000244140625,67.0999984741211,7375870
2018-06-19,54.01325225830078,65.29000091552734,67.05000305175781,64.9000015258789,66.80000305175781,8877687
2018-06-20,55.40309524536133,66.97000122070312,68.0,64.9000015258789,64.91000366210938,7855041
2018-06-21,54.27798461914063,65.61000061035156,68.19999694824219,65.4000015258789,66.94000244140625,4418955
2018-06-22,54.64199447631836,66.05000305175781,66.19000244140625,64.30000305175781,65.5999984741211,3254728
2018-06-25,55.0142707824707,66.5,68.08999633789062,66.26000213623047,66.26000213623047,5764994
2018-06-26,53.51688766479492,64.69000244140625,67.6500015258789,63.869998931884766,67.6500015258789,12628519
2018-06-27,51.82923126220703,62.650001525878906,64.58000183105469,61.400001525878906,64.58000183105469,12206877
2018-06-28,49.041290283203125,59.27999877929688,61.380001068115234,59.0,61.380001068115234,13540464
2018-06-29,50.34839630126953,60.86000061035156,61.70000076293945,59.0,59.22999954223633,6375046
2018-07-02,49.31428909301758,59.61000061035156,62.09999847412109,59.09999847412109,61.290000915527344,8137919
2018-07-03,47.54391098022461,57.470001220703125,59.77000045776367,55.290000915527344,59.20000076293945,20413994
2018-07-04,46.13753128051758,55.77000045776367,57.88999938964844,55.5,57.150001525878906,12252209
2018-07-05,45.63288116455078,55.15999984741211,57.290000915527344,53.95000076293945,56.20000076293945,14378873
2018-07-06,45.78179550170898,55.34000015258789,56.380001068115234,54.08000183105469,55.08000183105469,12259412
2018-07-09,48.10646057128906,58.150001525878906,58.27999877929688,55.709999084472656,56.0,11018697
2018-07-10,48.66901397705078,58.83000183105469,59.220001220703125,58.0,58.16999816894531,7401162
2018-07-11,47.48599624633789,57.400001525878906,58.66999816894531,57.02999877929688,57.54999923706055,5766526
2018-07-12,49.19020462036133,59.459999084472656,59.59999847412109,57.0099983215332,57.0099983215332,9092584
2018-07-13,50.04230117797852,60.4900016784668,60.68999862670898,58.5,59.470001220703125,9421030
2018-07-16,49.6030387878418,58.720001220703125,59.810001373291016,58.22999954223633,59.400001525878906,7667284
2018-07-17,48.54711532592773,57.470001220703125,58.90999984741211,56.400001525878906,58.79999923706055,7522761
2018-07-18,47.45740509033203,56.18000030517578,57.95000076293945,56.02999877929688,57.45000076293945,8389875
2018-07-19,47.465850830078125,56.18999862670898,56.959999084472656,55.880001068115234,56.45000076293945,6986136
2018-07-20,47.61790084838867,56.369998931884766,56.58000183105469,54.619998931884766,56.40999984741211,7319618
2018-07-23,46.65489196777344,55.22999954223633,56.369998931884766,54.56999969482422,56.369998931884766,10553568
2018-07-24,48.538665771484375,57.459999084472656,57.59000015258789,55.0099983215332,55.45000076293945,12901588
2018-07-25,48.1754264831543,57.02999877929688,57.77999877929688,56.52000045776367,57.68999862670898,7013872
2018-07-26,47.44050598144531,56.15999984741211,57.20000076293945,56.02000045776367,56.7400016784668,5597007
2018-07-27,47.47429656982422,56.20000076293945,56.79999923706055,55.36000061035156,55.9900016784668,5479297
2018-07-30,46.58732223510742,55.150001525878906,56.20000076293945,54.869998931884766,56.20000076293945,6296549
2018-07-31,46.4014778137207,54.93000030517578,55.70000076293945,54.77999877929688,55.150001525878906,4384901
2018-08-01,45.11747360229492,53.40999984741211,55.38999938964844,52.959999084472656,55.09000015258789,7526505
2018-08-02,42.9971809387207,50.900001525878906,53.20000076293945,49.619998931884766,53.20000076293945,16487934
2018-08-03,41.12186050415039,48.68000030517578,50.900001525878906,48.68000030517578,50.70000076293945,12377542
2018-08-06,40.83465576171875,48.34000015258789,49.380001068115234,46.79999923706055,48.79999923706055,10844742
2018-08-07,41.594913482666016,49.2400016784668,49.619998931884766,47.880001068115234,48.31999969482422,9087853
2018-08-08,39.66046905517578,46.95000076293945,49.09999847412109,46.84999847412109,49.0099983215332,11433236
2018-08-09,41.21477890014648,48.790000915527344,49.25,46.68999862670898,46.91999816894531,11687648
2018-08-10,41.45130920410156,49.06999969482422,50.29999923706055,48.060001373291016,48.650001525878906,12738184
2018-08-13,40.46296310424805,47.900001525878906,48.400001525878906,46.93000030517578,48.400001525878906,10136363
2018-08-14,41.0711784362793,48.619998931884766,48.93000030517578,47.97999954223633,48.38999938964844,8621319
2018-08-15,39.38170623779297,46.619998931884766,48.66999816894531,46.20000076293945,48.619998931884766,12400275
2018-08-16,37.548622131347656,44.45000076293945,46.70000076293945,44.380001068115234,45.9900016784668,13298358
2018-08-17,37.26140594482422,44.11000061035156,45.470001220703125,43.81999969482422,45.18000030517578,9855170
2018-08-20,38.09770202636719,45.09999847412109,45.11000061035156,43.5,44.52000045776367,10275861
2018-08-21,39.60133743286133,46.880001068115234,47.119998931884766,44.95000076293945,45.150001525878906,12888876
2018-08-22,38.82417678833008,45.959999084472656,46.650001525878906,45.709999084472656,46.45000076293945,7679355
2018-08-23,38.73970031738281,45.86000061035156,46.650001525878906,45.36000061035156,46.18999862670898,7528727
2018-08-24,38.22441482543945,45.25,46.38999938964844,44.43999862670898,46.38999938964844,9322660
2018-08-27,39.84630584716797,47.16999816894531,47.29999923706055,45.54999923706055,45.560001373291016,12264885
2018-08-28,38.51161575317383,45.59000015258789,47.16999816894531,45.220001220703125,47.16999816894531,18484256
2018-08-29,38.40180587768555,45.459999084472656,45.84000015258789,44.59999847412109,45.20000076293945,10574502
2018-08-30,37.717567443847656,44.650001525878906,45.79999923706055,44.459999084472656,45.2400016784668,8992653
2018-08-31,36.39977645874024,43.09000015258789,44.38999938964844,42.91999816894531,44.38999938964844,15514971
2018-09-03,36.442012786865234,43.13999938964844,43.25,42.400001525878906,42.630001068115234,7677726
2018-09-04,36.5771713256836,43.29999923706055,43.59999847412109,42.36000061035156,43.41999816894531,9531197
2018-09-05,35.54659652709961,42.08000183105469,43.29999923706055,42.0,43.29999923706055,8225662
2018-09-06,34.4653205871582,40.79999923706055,42.310001373291016,40.060001373291016,41.59999847412109,16775915
2018-09-07,34.684959411621094,41.060001373291016,41.61000061035156,40.52999877929688,40.959999084472656,10753153
2018-09-10,34.74408721923828,41.130001068115234,41.59000015258789,40.25,41.060001373291016,8459902
2018-09-11,34.566688537597656,40.91999816894531,41.81999969482422,40.70000076293945,41.02000045776367,8405194
2018-09-12,34.49067306518555,40.83000183105469,41.290000915527344,40.060001373291016,41.0,8717204
2018-09-13,34.05140686035156,40.310001373291016,41.58000183105469,39.61000061035156,41.34999847412109,10554078
2018-09-14,34.95526885986328,41.380001068115234,41.619998931884766,39.58000183105469,40.27999877929688,14482226
2018-09-17,34.15277099609375,40.43000030517578,41.58000183105469,40.16999816894531,41.0,11050307
2018-09-18,35.825347900390625,42.40999984741211,42.56999969482422,40.119998931884766,40.16999816894531,14005715
2018-09-19,37.464141845703125,44.34999847412109,45.45000076293945,42.34000015258789,42.34999847412109,24921828
2018-09-20,37.894962310791016,44.86000061035156,45.34999847412109,44.209999084472656,44.380001068115234,12924922
2018-09-21,39.96457290649414,47.310001373291016,47.31999969482422,45.09999847412109,45.09999847412109,17271942
2018-09-25,39.00156784057617,46.16999816894531,47.20000076293945,45.66999816894531,46.93000030517578,13589213
2018-09-26,39.7280387878418,47.02999877929688,48.09000015258789,46.18000030517578,46.27999877929688,24160578
2018-09-27,40.17575454711914,47.560001373291016,47.86000061035156,46.20000076293945,46.83000183105469,14383751
2018-09-28,40.13351821899414,47.5099983215332,47.95000076293945,47.18999862670898,47.52000045776367,8689351
2018-10-08,37.599308013916016,44.5099983215332,46.650001525878906,44.47999954223633,46.20000076293945,12974847
2018-10-09,37.599308013916016,44.5099983215332,45.380001068115234,44.40999984741211,44.77999877929688,11490182
2018-10-10,35.2255859375,41.70000076293945,44.9900016784668,41.59999847412109,44.79999923706055,18822536
2018-10-11,34.617374420166016,40.97999954223633,42.470001220703125,39.68000030517578,40.22999954223633,20750362
2018-10-12,36.87282943725586,43.650001525878906,43.77999877929688,41.150001525878906,41.150001525878906,17780159
2018-10-15,35.52124786376953,42.04999923706055,44.08000183105469,41.880001068115234,43.650001525878906,13552034
2018-10-16,35.7239875793457,42.290000915527344,43.09999847412109,41.810001373291016,42.11000061035156,9068047
2018-10-17,35.462120056152344,41.97999954223633,43.130001068115234,40.81999969482422,42.9900016784668,9608330
2018-10-18,35.022850036621094,41.459999084472656,42.0,40.08000183105469,41.27999877929688,11726257
2018-10-19,36.53493118286133,43.25,43.369998931884766,40.47999954223633,40.5,11972739
2018-10-22,39.07759094238281,46.2599983215332,46.83000183105469,43.75,44.0,16159233
2018-10-23,35.9858512878418,42.59999847412109,46.34000015258789,41.79999923706055,46.29999923706055,18652672
2018-10-24,34.592037200927734,40.95000076293945,42.27000045776367,39.880001068115234,41.650001525878906,19205935
2018-10-25,33.32492446899414,39.45000076293945,39.790000915527344,38.66999816894531,39.790000915527344,18257281
2018-10-26,32.40416717529297,38.36000061035156,39.95000076293945,37.59000015258789,39.84999847412109,18526670
2018-10-29,30.07268524169922,35.599998474121094,37.33000183105469,35.04999923706055,37.33000183105469,22962484
2018-10-30,30.95966148376465,36.650001525878906,37.25,35.599998474121094,36.0,13390233
2018-10-31,32.15074157714844,38.060001373291016,38.25,36.65999984741211,36.97999954223633,12764218
2018-11-01,32.33658218383789,38.27999877929688,39.7599983215332,38.209999084472656,38.34999847412109,16493090
2018-11-02,34.634273529052734,41.0,41.060001373291016,39.0,39.5,19506629
2018-11-05,33.44319534301758,39.59000015258789,40.34000015258789,39.22999954223633,40.0,11160713
2018-11-06,32.818084716796875,38.84999847412109,39.5,38.02000045776367,39.47999954223633,10050293
2018-11-07,32.877220153808594,38.91999816894531,39.77999877929688,38.58000183105469,39.02000045776367,6919743
2018-11-08,32.995479583740234,39.060001373291016,39.77000045776367,38.77999877929688,39.43000030517578,6942943
2018-11-09,32.919456481933594,38.970001220703125,39.52999877929688,38.09000015258789,38.900001525878906,8745291
2018-11-12,32.75895309448242,38.77999877929688,39.290000915527344,38.04999923706055,38.70000076293945,11522589
2018-11-13,34.25414276123047,40.54999923706055,40.97999954223633,38.09999847412109,38.29999923706055,16541568
2018-11-14,33.74729537963867,39.95000076293945,40.400001525878906,39.5099983215332,40.27999877929688,8292427
2018-11-15,34.1274299621582,40.400001525878906,40.63999938964844,39.9900016784668,40.130001068115234,7525944
2018-11-16,34.034507751464844,40.290000915527344,40.84000015258789,40.02000045776367,40.59999847412109,5749330
2018-11-19,35.005958557128906,41.43999862670898,41.77999877929688,40.209999084472656,40.209999084472656,8758465
2018-11-20,34.059852600097656,40.31999969482422,41.220001220703125,40.29999923706055,40.900001525878906,5876188
2018-11-21,34.79477310180664,41.18999862670898,41.650001525878906,39.7599983215332,40.0,8141789
2018-11-22,34.887691497802734,41.29999923706055,41.5099983215332,40.77999877929688,41.18000030517578,5649533
2018-11-23,33.983821868896484,40.22999954223633,41.34999847412109,40.11000061035156,41.34999847412109,5738824
2018-11-26,33.806427001953125,40.02000045776367,40.54999923706055,39.900001525878906,40.5,4001430
2018-11-27,33.603694915771484,39.77999877929688,40.29999923706055,39.5099983215332,40.150001525878906,5005083
2018-11-28,33.975379943847656,40.220001220703125,40.72999954223633,39.65999984741211,39.91999816894531,6532659
2018-11-29,33.74729537963867,39.95000076293945,41.20000076293945,39.900001525878906,40.400001525878906,6807500
2018-11-30,34.634273529052734,41.0,41.09999847412109,39.70000076293945,40.150001525878906,9302027
2018-12-03,36.23927307128906,42.900001525878906,43.47999954223633,41.70000076293945,42.29999923706055,14575829
2018-12-04,36.28150939941406,42.95000076293945,43.2599983215332,42.47999954223633,42.91999816894531,7755320
2018-12-05,37.01643371582031,43.81999969482422,44.59999847412109,42.34999847412109,42.5,12501373
2018-12-06,35.71553421020508,42.27999877929688,43.5,42.2599983215332,43.0,9389294
2018-12-07,35.99430084228516,42.61000061035156,42.9900016784668,42.34000015258789,42.66999816894531,6946643
2018-12-10,35.69019317626953,42.25,42.93000030517578,41.79999923706055,41.900001525878906,4897703
2018-12-11,35.86759185791016,42.459999084472656,42.84000015258789,41.95000076293945,42.33000183105469,5040437
2018-12-12,36.5264892578125,43.2400016784668,43.45000076293945,42.459999084472656,42.54999923706055,7336500
2018-12-13,37.19383239746094,44.02999877929688,44.29999923706055,43.15999984741211,43.38999938964844,9996286
2018-12-14,36.49269485473633,43.20000076293945,44.119998931884766,43.150001525878906,43.70000076293945,6389152
2018-12-17,36.0196418762207,42.63999938964844,43.29999923706055,42.40999984741211,43.0,6587628
2018-12-18,36.22237777709961,42.880001068115234,43.0,42.2599983215332,42.310001373291016,6081730
2018-12-19,34.887691497802734,41.29999923706055,43.4900016784668,41.2599983215332,42.79999923706055,10448504
2018-12-20,34.676509857177734,41.04999923706055,41.61000061035156,40.18000030517578,41.130001068115234,7784414
2018-12-21,33.51921463012695,39.68000030517578,40.810001373291016,38.95000076293945,40.70000076293945,12171425
2018-12-24,33.9246940612793,40.15999984741211,40.400001525878906,39.150001525878906,39.54999923706055,5518943
2018-12-25,34.23724365234375,40.52999877929688,40.59000015258789,39.400001525878906,39.79999923706055,6195374
2018-12-26,33.52766036987305,39.68999862670898,40.959999084472656,39.59999847412109,40.31999969482422,6338381
2018-12-27,33.87400817871094,40.09999847412109,40.7599983215332,39.79999923706055,40.380001068115234,7791455
2018-12-28,34.34706115722656,40.65999984741211,40.9900016784668,39.5099983215332,40.20000076293945,6874734
2019-01-02,33.45164108276367,39.59999847412109,41.5,39.54999923706055,40.97999954223633,9150271
2019-01-03,32.20988082885742,38.130001068115234,39.810001373291016,37.70000076293945,39.59999847412109,11186214
2019-01-04,32.919456481933594,38.970001220703125,38.9900016784668,37.59999847412109,37.810001373291016,9950175
2019-01-07,32.708274841308594,38.720001220703125,39.400001525878906,38.47999954223633,39.130001068115234,10889766
2019-01-08,32.75050354003906,38.77000045776367,38.9900016784668,38.060001373291016,38.75,7180847
2019-01-09,33.35872268676758,39.4900016784668,40.09999847412109,38.84000015258789,38.84000015258789,11696546
2019-01-10,32.7843017578125,38.810001373291016,39.38999938964844,38.560001373291016,39.38999938964844,8317330
2019-01-11,33.19821548461914,39.29999923706055,39.34999847412109,38.560001373291016,38.93000030517578,8345117
2019-01-14,32.49708557128906,38.470001220703125,39.18000030517578,38.400001525878906,39.18000030517578,5896410
2019-01-15,35.33540725708008,41.83000183105469,42.31999969482422,38.380001068115234,38.56999969482422,21871802
2019-01-16,34.727195739746094,41.11000061035156,41.97999954223633,40.90999984741211,41.619998931884766,13422247
2019-01-17,34.70185852050781,41.08000183105469,41.68000030517578,40.59999847412109,41.20000076293945,9070388
2019-01-18,35.6479606628418,42.20000076293945,42.68999862670898,41.22999954223633,41.2400016784668,16815970
2019-01-21,36.01119613647461,42.630001068115234,43.7599983215332,42.34999847412109,42.41999816894531,15310417
2019-01-22,35.52124786376953,42.04999923706055,42.68000030517578,41.83000183105469,42.61000061035156,5703452
2019-01-23,35.69864273071289,42.2599983215332,42.56999969482422,41.79999923706055,41.97999954223633,5407365
2019-01-24,35.825347900390625,42.40999984741211,42.619998931884766,41.84999847412109,42.31999969482422,7108146
2019-01-25,36.08722305297852,42.720001220703125,43.38999938964844,42.0099983215332,42.5,10815196
2019-01-28,36.42510986328125,43.119998931884766,44.22999954223633,42.95000076293945,42.9900016784668,12893694
2019-01-29,36.64474868774414,43.380001068115234,43.56999969482422,42.130001068115234,43.13999938964844,10515457
2019-01-30,35.631065368652344,42.18000030517578,43.86000061035156,42.130001068115234,43.34999847412109,10390036
2019-01-31,36.04498672485352,42.66999816894531,43.15999984741211,41.79999923706055,42.15999984741211,14634242
2019-02-01,36.957305908203125,43.75,44.0,42.22999954223633,43.0,14292824
2019-02-11,39.54220581054688,46.810001373291016,48.130001068115234,43.150001525878906,43.75,22428846
2019-02-12,40.108177185058594,47.47999954223633,48.97999954223633,46.52999877929688,46.79999923706055,16686666
2019-02-13,40.302467346191406,47.709999084472656,48.13999938964844,47.0099983215332,47.47999954223633,13703358
2019-02-14,41.2739143371582,48.86000061035156,49.68999862670898,47.209999084472656,47.43999862670898,16492973
2019-02-15,40.29402160644531,47.70000076293945,48.68999862670898,47.58000183105469,48.5,12338820
2019-02-18,42.135555267333984,49.880001068115234,50.0,48.08000183105469,48.18999862670898,14120089
2019-02-19,42.25381088256836,50.02000045776367,51.45000076293945,49.43000030517578,49.900001525878906,13521712
2019-02-20,42.45654678344727,50.2599983215332,51.18999862670898,49.5,50.13999938964844,10414220
2019-02-21,42.067970275878906,49.79999923706055,50.4900016784668,49.5,50.25,9070642
2019-02-22,42.321388244628906,50.09999847412109,50.09999847412109,48.90999984741211,49.59999847412109,11320974
2019-02-25,44.25584030151367,52.38999938964844,52.54999923706055,50.66999816894531,50.66999816894531,18511291
2019-02-26,42.9549446105957,50.84999847412109,52.5,50.650001525878906,52.380001068115234,15397470
2019-02-27,43.31818008422852,51.27999877929688,53.29999923706055,50.70000076293945,51.29999923706055,19280915
2019-02-28,43.28439712524414,51.2400016784668,52.27999877929688,49.68000030517578,51.18999862670898,15866651
2019-03-01,45.185054779052734,53.4900016784668,53.68000030517578,51.400001525878906,51.86000061035156,17452088
2019-03-04,45.95376586914063,54.400001525878906,55.95000076293945,53.0,53.900001525878906,21643816
2019-03-05,45.76791763305664,54.18000030517578,55.060001373291016,53.5,54.400001525878906,12306738
2019-03-06,45.26952362060547,53.59000015258789,54.0,52.900001525878906,54.0,13650707
2019-03-07,43.57160186767578,51.58000183105469,53.02999877929688,50.45000076293945,53.0099983215332,23888304
2019-03-08,42.135555267333984,49.880001068115234,51.18000030517578,49.5,50.5,21158857
2019-03-11,43.46178817749024,51.45000076293945,51.77999877929688,49.95000076293945,50.02000045776367,17709376
2019-03-12,42.8789176940918,50.7599983215332,51.77000045776367,50.27999877929688,51.77000045776367,13821193
2019-03-13,42.61705017089844,50.45000076293945,51.5,50.209999084472656,50.65999984741211,11834145
2019-03-14,43.44489669799805,51.43000030517578,52.41999816894531,50.040000915527344,50.5,16706673
2019-03-15,44.99921417236328,53.27000045776367,54.27999877929688,50.70000076293945,51.59999847412109,18805232
2019-03-18,49.50166320800781,58.59999847412109,58.59999847412109,54.400001525878906,54.400001525878906,30944578
2019-03-19,49.9747200012207,59.15999984741211,59.900001525878906,57.22999954223633,59.900001525878906,26666474
2019-03-20,51.453006744384766,60.90999984741211,63.27999877929688,58.29999923706055,58.619998931884766,26250078
2019-03-21,50.70119094848633,60.02000045776367,61.79999923706055,59.630001068115234,61.5,14527692
2019-03-22,51.55437850952149,61.02999877929688,62.59000015258789,60.0,60.18000030517578,13839608
2019-03-25,50.43932342529297,59.709999084472656,61.0,59.400001525878906,59.810001373291016,10998403
2019-03-26,49.9747200012207,59.15999984741211,61.0,58.79999923706055,60.209999084472656,13740800
2019-03-27,51.985198974609375,61.540000915527344,62.83000183105469,59.25,59.959999084472656,14789218
2019-03-28,54.392704010009766,64.38999938964844,65.22000122070312,61.650001525878906,62.2400016784668,22279721
2019-03-29,56.24267578125,66.58000183105469,68.38999938964844,64.76000213623047,64.76000213623047,23219919
2019-04-01,56.85089874267578,67.30000305175781,67.55000305175781,65.30000305175781,66.0,21103358
2019-04-02,56.18355178833008,66.51000213623047,67.16000366210938,65.20999908447266,66.55000305175781,11336516
2019-04-03,55.49930953979492,65.69999694824219,66.79000091552734,64.69999694824219,65.69999694824219,12395443
2019-04-04,57.35773468017578,67.9000015258789,68.51000213623047,64.5999984741211,65.30000305175781,18857550
2019-04-08,58.27849960327149,68.98999786376953,72.0,68.5,70.04000091552734,15024190
2019-04-09,58.36296463012695,69.08999633789062,69.08999633789062,67.55999755859375,68.5,15319807
2019-04-10,61.41246795654297,72.69999694824219,72.80000305175781,68.20999908447266,68.98999786376953,26919055
2019-04-11,59.55405044555664,70.5,72.08999633789062,68.88999938964844,72.02999877929688,21562226
2019-04-12,58.79378509521485,69.5999984741211,70.36000061035156,67.25,69.51000213623047,14494837
2019-04-15,57.06207656860352,67.55000305175781,71.68000030517578,67.11000061035156,70.23999786376953,16589133
2019-04-16,58.303836822509766,69.0199966430664,69.19999694824219,66.01000213623047,66.5999984741211,10365759
2019-04-17,58.73466110229492,69.52999877929688,70.05000305175781,67.37000274658203,68.3499984741211,13273555
2019-04-18,58.41365051269531,69.1500015258789,70.0999984741211,68.68000030517578,69.22000122070312,7918406
2019-04-19,58.40520477294922,69.13999938964844,69.9000015258789,68.31999969482422,69.1500015258789,7642994
2019-04-22,59.11479568481445,69.9800033569336,72.0,69.01000213623047,69.13999938964844,15221957
2019-04-23,61.2012939453125,72.44999694824219,73.16999816894531,69.25,69.25,16871137
2019-04-24,60.60152053833008,71.73999786376953,73.5,70.80000305175781,72.5999984741211,13005187
2019-04-25,59.53715896606445,70.4800033569336,72.55999755859375,69.79000091552734,71.61000061035156,12330213
2019-04-26,63.71860885620117,75.43000030517578,77.30000305175781,71.88999938964844,72.5999984741211,27186827
2019-05-06,59.55405044555664,70.5,75.9000015258789,70.08999633789062,75.9000015258789,24671868
2019-05-07,61.09148025512695,72.31999969482422,73.5999984741211,70.19999694824219,70.5,20121745
2019-05-08,60.16226959228516,71.22000122070312,73.05999755859375,69.06999969482422,70.0,12550771
2019-05-09,57.18877410888672,67.69999694824219,70.94999694824219,65.80000305175781,70.06999969482422,20990047
2019-05-10,60.66065979003906,71.80999755859375,72.37999725341797,67.87999725341797,68.80000305175781,20522409
2019-05-13,60.56773376464844,71.69999694824219,73.26000213623047,68.18000030517578,70.5,15957037
2019-05-14,59.680763244628906,70.6500015258789,72.86000061035156,69.5,69.5,14394978
2019-05-15,65.65306854248047,77.72000122070312,77.72000122070312,71.80000305175781,71.80000305175781,20349809
2019-05-16,68.42381286621094,81.0,82.31999969482422,77.0999984741211,79.30000305175781,21567607
2019-05-17,65.34051513671875,77.3499984741211,81.19000244140625,76.5,80.01000213623047,22875722
2019-05-20,62.59510803222656,74.0999984741211,77.0999984741211,71.30000305175781,77.0,24527486
2019-05-21,63.9804801940918,75.73999786376953,76.25,72.5999984741211,73.77999877929688,18118990
2019-05-22,62.214969635009766,73.6500015258789,75.33999633789062,72.5,75.33999633789062,14028260
2019-05-23,59.59629440307617,70.55000305175781,73.19999694824219,69.9800033569336,72.68000030517578,17125972
2019-05-24,60.9901008605957,72.19999694824219,72.5,70.0999984741211,70.55999755859375,17665092
2019-05-27,61.08302688598633,72.30999755859375,73.30000305175781,69.87999725341797,72.06999969482422,13501230
2019-05-28,62.5021858215332,73.98999786376953,73.98999786376953,71.44999694824219,72.0,14069252
2019-05-29,62.333251953125,73.79000091552734,75.13999938964844,72.5,72.9000015258789,11293266
2019-05-30,60.8211669921875,72.0,74.0,71.05999755859375,73.33000183105469,12656432
2019-05-31,59.66386795043945,70.62999725341797,72.4000015258789,69.8499984741211,72.0,12955432
2019-06-03,58.79378509521485,69.5999984741211,71.9800033569336,69.12999725341797,70.80000305175781,13361775
2019-06-04,57.35773468017578,67.9000015258789,70.29000091552734,67.44000244140625,70.0,16442565
2019-06-05,57.57737350463867,68.16000366210938,69.5999984741211,67.58000183105469,68.98999786376953,11223206
2019-06-06,56.42852020263672,66.80000305175781,68.4800033569336,66.56999969482422,68.3499984741211,11876507
2019-06-10,57.36618041992188,67.91000366210938,68.77999877929688,65.66999816894531,66.81999969482422,13112067
2019-06-11,60.8633918762207,72.05000305175781,72.56999969482422,68.55999755859375,68.55999755859375,25231335
2019-06-12,60.22138977050781,71.29000091552734,72.44000244140625,70.3499984741211,71.5999984741211,10718205
2019-06-13,59.74835205078125,70.7300033569336,71.66999816894531,69.88999938964844,71.4000015258789,8817660
2019-06-14,59.33441162109375,70.23999786376953,72.0999984741211,69.80000305175781,70.7300033569336,9821547
2019-06-17,58.97963333129883,69.81999969482422,70.88999938964844,69.06999969482422,70.0999984741211,7674802
2019-06-18,58.87825393676758,69.69999694824219,70.43000030517578,68.5,69.87999725341797,7692758
2019-06-19,59.97641754150391,71.0,72.1500015258789,70.8499984741211,71.80000305175781,11546970
2019-06-20,62.64580154418945,74.16000366210938,74.94999694824219,70.66999816894531,70.79000091552734,20759795
2019-06-21,64.03117370605469,75.80000305175781,76.25,73.76000213623047,74.56999969482422,18485131
2019-06-24,64.96037292480469,76.9000015258789,78.87999725341797,75.0,75.91999816894531,16282940
2019-06-25,65.21380615234375,77.19999694824219,78.5,75.30000305175781,76.87999725341797,13421221
2019-06-26,64.40284729003906,76.23999786376953,77.16999816894531,75.9000015258789,76.94999694824219,7881403
2019-06-27,68.36466979980469,80.93000030517578,81.66000366210938,76.62999725341797,76.62999725341797,18465996
2019-06-28,68.28020477294922,80.83000183105469,82.19999694824219,79.54000091552734,80.93000030517578,10790322
2019-07-01,70.66236114501953,83.6500015258789,84.80000305175781,82.9000015258789,83.0,17597588
2019-07-02,71.11007690429688,84.18000030517578,85.44000244140625,82.83000183105469,83.61000061035156,12483316
2019-07-03,69.91898345947266,82.7699966430664,86.33000183105469,81.1500015258789,83.66999816894531,18861839
2019-07-04,68.78704071044922,81.43000030517578,83.87999725341797,80.30000305175781,82.69999694824219,13251513
2019-07-05,71.71827697753906,84.9000015258789,85.16000366210938,81.23999786376953,81.23999786376953,17369192
2019-07-08,70.70460510253906,83.69999694824219,85.0,82.5999984741211,84.4000015258789,12557675
2019-07-09,70.54410552978516,83.51000213623047,86.4000015258789,83.0,83.01000213623047,13699071
2019-07-10,71.88724517822266,85.0999984741211,85.87999725341797,82.94000244140625,84.19999694824219,11980415
2019-07-11,72.64749145507812,86.0,87.5999984741211,84.5,85.19000244140625,16735033
2019-07-12,74.71709442138672,88.44999694824219,88.44999694824219,85.48999786376953,85.69000244140625,11125241
2019-07-15,73.89771270751953,87.4800033569336,88.19999694824219,86.0,87.58000183105469,12560744
2019-07-16,71.71827697753906,84.9000015258789,87.93000030517578,84.19000244140625,86.69999694824219,14593355
2019-07-17,71.30435943603516,84.41000366210938,85.55999755859375,83.5,84.37000274658203,11863137
2019-07-18,70.67081451416016,83.66000366210938,85.0999984741211,83.4800033569336,83.81999969482422,7624163
2019-07-19,71.33815002441406,84.44999694824219,84.9800033569336,83.5,84.25,7780020
2019-07-22,71.9717025756836,85.19999694824219,85.33000183105469,83.0,84.55999755859375,7371690
2019-07-23,68.50828552246094,81.0999984741211,85.19000244140625,78.80000305175781,85.19000244140625,23628075
2019-07-24,68.60964965820312,81.22000122070312,81.77999877929688,80.55999755859375,81.4000015258789,14561672
2019-07-25,69.1080322265625,81.80999755859375,81.87999725341797,78.5,81.19999694824219,13188690
2019-07-26,69.44595336914062,82.20999908447266,83.43000030517578,80.9000015258789,81.13999938964844,9246780
2019-07-29,70.05416107177734,82.93000030517578,83.44999694824219,82.0,82.66000366210938,8242555
2019-07-30,69.42904663085938,82.19000244140625,83.4000015258789,81.69999694824219,82.93000030517578,7701635
2019-07-31,68.11970520019531,80.63999938964844,82.4800033569336,80.01000213623047,81.94000244140625,8111328
2019-08-01,67.46925354003906,79.87000274658203,81.45999908447266,79.0999984741211,80.2300033569336,9777111
2019-08-02,67.4185562133789,79.80999755859375,79.80999755859375,78.05999755859375,78.54000091552734,9288327
2019-08-05,65.30672454833984,77.30999755859375,79.69999694824219,77.04000091552734,79.36000061035156,10343641
2019-08-06,66.64984893798828,78.9000015258789,79.36000061035156,75.5999984741211,76.30000305175781,11767603
2019-08-07,65.88114166259766,77.98999786376953,79.52999877929688,77.87999725341797,78.88999938964844,6717191
2019-08-08,66.98775482177734,79.30000305175781,80.02999877929688,78.45999908447266,78.73999786376953,6823044
2019-08-09,65.3658447265625,77.37999725341797,80.5,77.0199966430664,80.0,9820286
2019-08-12,67.26651763916016,79.62999725341797,79.97000122070312,77.62000274658203,78.95999908447266,12808963
2019-08-13,66.90328216552734,79.19999694824219,79.8499984741211,78.62000274658203,79.23999786376953,5596761
2019-08-14,70.55254364013672,83.5199966430664,84.93000030517578,80.0,80.0,17594746
2019-08-15,71.19454193115234,84.27999877929688,84.37999725341797,81.9000015258789,82.30000305175781,12903141
2019-08-16,72.64749145507812,86.0,87.5,83.5999984741211,84.30999755859375,12817066
2019-08-19,72.81644439697266,86.19999694824219,86.87999725341797,84.68000030517578,86.0,11309835
2019-08-20,72.90092468261719,86.30000305175781,86.5999984741211,85.43000030517578,86.2300033569336,9206399
2019-08-21,73.15434265136719,86.5999984741211,87.45999908447266,86.0,86.3499984741211,9916609
2019-08-22,75.39928436279297,87.66000366210938,88.1500015258789,84.55999755859375,85.58999633789062,13532672
2019-08-23,76.28523254394531,88.69000244140625,90.18000030517578,87.19999694824219,87.66000366210938,10311696
2019-08-26,74.71978759765625,86.87000274658203,88.0999984741211,86.27999877929688,87.0199966430664,9102398
2019-08-27,76.76690673828125,89.25,90.20999908447266,87.44999694824219,87.80000305175781,11121853
2019-08-28,76.4228515625,88.8499984741211,90.97000122070312,88.29000091552734,89.66000366210938,9502200
2019-08-29,79.37310791015625,92.27999877929688,92.5999984741211,89.5999984741211,91.30999755859376,16999268
2019-08-30,83.32971954345703,96.87999725341795,98.4800033569336,92.3000030517578,92.3499984741211,17028947
2019-09-02,84.35326385498047,98.06999969482422,98.3000030517578,94.94000244140624,97.04000091552734,15696478
2019-09-03,82.71041870117188,96.16000366210938,97.97000122070312,94.87000274658205,97.8000030517578,13399415
2019-09-04,81.06756591796875,94.25,95.87999725341795,93.29000091552734,95.0,13850908
2019-09-05,81.28260040283203,94.5,95.9000015258789,94.0,94.88999938964844,11873497
2019-09-06,80.87833404541016,94.02999877929688,94.79000091552734,93.01000213623048,94.7699966430664,10455879
2019-09-09,80.20742797851562,93.25,95.3000030517578,92.58000183105467,94.63999938964844,12147884
2019-09-10,79.73435974121094,92.6999969482422,93.48999786376952,91.5500030517578,92.87000274658205,9093169
2019-09-11,75.2702865600586,87.51000213623047,92.69000244140624,86.69999694824219,92.69000244140624,25129696
2019-09-12,76.4572525024414,88.88999938964844,89.68000030517578,86.7699966430664,86.98999786376953,15209468
2019-09-16,74.65097045898438,86.79000091552734,88.58000183105469,86.4000015258789,88.58000183105469,17189732
2019-09-17,75.53691101074219,87.81999969482422,88.7699966430664,86.5,86.80000305175781,13067413
2019-09-18,77.58403015136719,90.1999969482422,90.5500030517578,87.94999694824219,87.94999694824219,18794430
2019-09-19,76.29381561279297,88.69999694824219,90.1500015258789,87.61000061035156,90.1500015258789,14451379
2019-09-20,76.55186462402344,89.0,90.08999633789062,87.75,88.98999786376953,14508574
2019-09-23,75.39069366455078,87.6500015258789,88.94999694824219,87.01000213623047,88.91999816894531,8468078
2019-09-24,76.1218032836914,88.5,89.44000244140625,87.19999694824219,87.19999694824219,13325888
2019-09-25,75.7003402709961,88.01000213623047,89.30000305175781,87.4000015258789,88.25,7793042
2019-09-26,75.46809387207031,87.73999786376953,89.69000244140625,87.0199966430664,89.0199966430664,8511863
2019-09-27,75.02082824707031,87.22000122070312,88.0,84.01000213623047,87.20999908447266,11095537
2019-09-30,73.3005599975586,85.22000122070312,87.61000061035156,85.05999755859375,87.02999877929688,9361839
2019-10-08,75.90676879882812,88.25,89.12000274658203,85.97000122070312,85.98999786376953,12314176
2019-10-09,75.24446105957031,87.4800033569336,88.30000305175781,86.69999694824219,88.0,7634969
2019-10-10,74.55635833740234,86.68000030517578,86.9000015258789,84.05000305175781,86.5,11378043
2019-10-11,75.40787506103516,87.66999816894531,88.5,86.0,86.9800033569336,9382328
2019-10-14,75.39928436279297,87.66000366210938,88.87999725341797,87.30000305175781,88.51000213623047,8170552
2019-10-15,75.97557830810547,88.33000183105469,89.19999694824219,86.27999877929688,87.62999725341797,11141494
2019-10-16,73.816650390625,85.81999969482422,87.4000015258789,85.51000213623047,87.0,14439614
2019-10-17,74.0746841430664,86.12000274658203,86.4000015258789,85.37999725341797,86.18000030517578,5520278
2019-10-18,72.68126678466797,84.5,85.79000091552734,84.2300033569336,85.48999786376953,8140854
2019-10-21,71.88135528564453,83.56999969482422,85.18000030517578,83.01000213623047,84.43000030517578,8905505
2019-10-22,73.19734954833984,85.0999984741211,85.16000366210938,83.27999877929688,83.98999786376953,7725368
2019-10-23,72.25120544433594,84.0,86.12000274658203,83.68000030517578,85.11000061035156,5825132
2019-10-24,70.31591033935547,81.75,84.4000015258789,81.3499984741211,84.11000061035156,10588443
2019-10-25,71.39107513427734,83.0,83.1500015258789,81.2300033569336,81.75,7557821
2019-10-28,73.00811004638672,84.87999725341797,85.44000244140625,82.91000366210938,82.98999786376953,9322278
2019-10-29,73.82524871826172,85.83000183105469,86.45999908447266,84.62000274658203,85.5999984741211,11387681
2019-10-30,73.7994384765625,85.80000305175781,86.18000030517578,84.9000015258789,86.01000213623047,6422760
2019-10-31,75.00362396240234,87.19999694824219,89.30999755859375,86.7699966430664,88.98999786376953,14139530
2019-11-01,75.86376190185547,88.19999694824219,88.5199966430664,86.51000213623047,87.80000305175781,11879288
2019-11-04,75.17564392089844,87.4000015258789,89.0999984741211,87.0999984741211,88.5199966430664,13345418
2019-11-05,74.61656951904297,86.75,87.77999877929688,86.16999816894531,87.5199966430664,9744926
2019-11-06,72.99091339111328,84.86000061035156,87.18000030517578,84.72000122070312,87.08999633789062,10563395
2019-11-07,73.033935546875,84.91000366210938,85.47000122070312,84.29000091552734,84.86000061035156,6801144
2019-11-08,73.64461517333984,85.62000274658203,86.72000122070312,85.02999877929688,85.5,9395269
2019-11-11,73.11133575439453,85.0,85.5999984741211,84.12999725341797,85.0,6466338
2019-11-12,73.30915832519531,85.2300033569336,85.38999938964844,84.1500015258789,85.0,5721977
2019-11-13,74.3585205078125,86.44999694824219,86.5,84.80000305175781,85.5999984741211,8466065
2019-11-14,74.36713409423828,86.45999908447266,87.5,85.81999969482422,86.41999816894531,10032110
2019-11-15,73.29196166992188,85.20999908447266,86.66000366210938,85.0,86.45999908447266,7307927
2019-11-18,73.16293334960938,85.05999755859375,85.29000091552734,83.70999908447266,84.7300033569336,7139743
2019-11-19,73.55860900878906,85.5199966430664,86.11000061035156,84.69999694824219,84.69999694824219,6352256
2019-11-20,74.83160400390625,87.0,88.55999755859375,85.16000366210938,85.2699966430664,13627385
2019-11-21,75.24446105957031,87.4800033569336,88.4800033569336,86.30000305175781,87.16999816894531,7719167
2019-11-22,72.42322540283203,84.19999694824219,87.94999694824219,83.5,87.9000015258789,14110738
2019-11-25,72.55224609375,84.3499984741211,84.69000244140625,81.61000061035156,83.0,9749199
2019-11-26,73.369384765625,85.30000305175781,85.55999755859375,84.11000061035156,84.44999694824219,9281611
2019-11-27,73.82524871826172,85.83000183105469,86.58000183105469,84.83999633789062,85.19999694824219,7502334
2019-11-28,72.68126678466797,84.5,86.36000061035156,84.08999633789062,86.19000244140625,7444715
2019-11-29,70.31591033935547,81.75,84.19999694824219,81.18000030517578,84.11000061035156,14570688
2019-12-02,70.30730438232422,81.73999786376953,82.58999633789062,81.08000183105469,81.6500015258789,7592210
2019-12-03,69.12031555175781,80.36000061035156,81.58000183105469,80.0,81.58000183105469,10070890
2019-12-04,70.29009246826172,81.72000122070312,82.11000061035156,80.56999969482422,81.61000061035156,8085665
2019-12-05,70.0922622680664,81.48999786376953,81.98999786376953,80.95999908447266,81.69999694824219,6688569
2019-12-06,71.03840637207031,82.58999633789062,82.87000274658203,81.0999984741211,81.4000015258789,9684467
2019-12-09,70.840576171875,82.36000061035156,83.27999877929688,82.18000030517578,83.0,6048461
2019-12-10,70.4707260131836,81.93000030517578,82.4000015258789,81.26000213623047,82.0199966430664,7210623
2019-12-11,69.57617950439453,80.88999938964844,81.94999694824219,80.72000122070312,81.93000030517578,5948895
2019-12-12,69.23213195800781,80.48999786376953,81.4000015258789,80.19000244140625,81.20999908447266,5857017
2019-12-13,70.53093719482422,82.0,82.48999786376953,80.88999938964844,80.88999938964844,9803622
2019-12-16,70.18687438964844,81.5999984741211,82.5999984741211,81.04000091552734,82.4000015258789,7490391
2019-12-17,71.42547607421875,83.04000091552734,83.5,81.5,81.72000122070312,10581777
2019-12-18,70.96099853515625,82.5,83.5,82.27999877929688,83.01000213623047,7474573
2019-12-19,70.53093719482422,82.0,82.5999984741211,81.30000305175781,82.58999633789062,5778722
2019-12-20,70.65995788574219,82.1500015258789,82.5,81.72000122070312,81.72000122070312,5054107
2019-12-23,70.19548797607422,81.61000061035156,82.37999725341797,80.5,80.5,6309531
2019-12-24,70.5739517211914,82.05000305175781,82.38999938964844,81.66000366210938,81.66000366210938,3966581
2019-12-25,69.55037689208984,80.86000061035156,82.29000091552734,80.4000015258789,82.27999877929688,8552575
2019-12-26,69.43856811523438,80.7300033569336,81.2300033569336,80.16999816894531,80.9000015258789,6818454
2019-12-27,70.281494140625,81.70999908447266,82.47000122070312,81.04000091552734,81.04000091552734,11134773
2019-12-30,73.73922729492188,85.7300033569336,86.5,81.76000213623047,81.87999725341797,24178132
2019-12-31,74.55635833740234,86.68000030517578,87.36000061035156,85.9000015258789,86.26000213623047,14603913
2020-01-02,73.49838256835938,85.44999694824219,86.5999984741211,83.68000030517578,86.0,16734111
2020-01-03,73.79084014892578,85.79000091552734,87.27999877929688,85.19000244140625,86.0,12465768
2020-01-06,73.64461517333984,85.62000274658203,86.5,84.58999633789062,85.01000213623047,8720029
2020-01-07,73.97146606445312,86.0,86.44999694824219,84.69999694824219,84.93000030517578,9184292
2020-01-08,72.98230743408203,84.8499984741211,85.87999725341797,84.55999755859375,85.30999755859375,7214211
2020-01-09,75.26167297363281,87.5,88.58000183105469,84.5999984741211,85.4000015258789,17676365
2020-01-10,77.84207916259766,90.5,91.44000244140624,87.30000305175781,87.45999908447266,21465711
2020-01-13,80.01820373535156,93.02999877929688,94.58000183105467,90.4000015258789,90.5,18976029
2020-01-14,79.19247436523438,92.06999969482422,93.43000030517578,91.5,92.4000015258789,8973223
2020-01-15,79.4247055053711,92.33999633789062,94.25,92.0,92.0999984741211,8907122
2020-01-16,79.69134521484375,92.6500015258789,93.11000061035156,91.8000030517578,92.1999969482422,4994819
2020-01-17,78.96024322509766,91.8000030517578,93.5999984741211,91.33000183105467,93.0,5357166
2020-01-20,77.91947937011719,90.58999633789062,92.3000030517578,90.0,91.8000030517578,10856796
2020-01-21,75.05523681640625,87.26000213623047,90.0,86.56999969482422,90.0,15672876
2020-01-22,75.2702865600586,87.51000213623047,88.06999969482422,85.61000061035156,85.88999938964844,8619480
2020-01-23,71.37386322021484,82.9800033569336,87.37000274658203,81.58000183105469,87.37000274658203,18646673
2020-02-03,63.985313415527344,74.38999938964844,74.38999938964844,74.38999938964844,74.38999938964844,4440800
2020-02-04,62.03282165527344,72.12000274658203,76.27999877929688,69.87999725341797,71.0,43100487
2020-02-05,62.273658752441406,72.4000015258789,74.0,71.06999969482422,72.0199966430664,30688674
2020-02-06,63.55525588989258,73.88999938964844,74.31999969482422,71.80999755859375,72.37000274658203,18376932
2020-02-07,64.30358123779297,74.76000213623047,74.88999938964844,72.25,73.51000213623047,17671559
2020-02-10,63.40903091430664,73.72000122070312,74.5,72.5199966430664,74.0,17208674
2020-02-11,66.5743179321289,77.4000015258789,78.0,73.75,73.98999786376953,21626058
2020-02-12,66.6517333984375,77.48999786376953,78.26000213623047,76.12999725341797,77.4000015258789,13689545
2020-02-13,66.66033172607422,77.5,79.80000305175781,76.9000015258789,77.08000183105469,12912409
2020-02-14,66.84956359863281,77.72000122070312,78.05999755859375,76.62000274658203,77.80000305175781,8064951
2020-02-17,67.27963256835938,78.22000122070312,78.22000122070312,76.87999725341797,77.19999694824219,11316808
2020-02-18,66.83235931396484,77.69999694824219,78.47000122070312,77.05999755859375,78.30999755859375,8625404
2020-02-19,67.97633361816406,79.02999877929688,79.9000015258789,77.0199966430664,77.38999938964844,15259006
2020-02-20,71.19322967529297,82.7699966430664,82.80000305175781,78.9000015258789,78.9000015258789,17795715
2020-02-21,71.12443542480469,82.69000244140625,83.69999694824219,81.55000305175781,81.98999786376953,9530994
2020-02-24,69.76541900634766,81.11000061035156,82.48999786376953,80.0,82.48999786376953,11973734
2020-02-25,68.4236068725586,79.55000305175781,80.36000061035156,77.80000305175781,79.27999877929688,14748412
2020-02-26,67.52046203613281,78.5,80.3499984741211,77.5999984741211,78.1500015258789,9747071
2020-02-27,67.96772766113281,79.0199966430664,79.94999694824219,78.58999633789062,78.58999633789062,8134393
2020-02-28,64.33798217773438,74.80000305175781,77.44000244140625,74.13999938964844,77.43000030517578,18180146
2020-03-02,66.93557739257812,77.81999969482422,78.18000030517578,74.5999984741211,74.69999694824219,12266848
2020-03-03,67.95053100585938,79.0,79.69999694824219,78.30000305175781,78.30000305175781,11582835
2020-03-04,67.8473129272461,78.87999725341797,79.75,78.19000244140625,78.52999877929688,8122225
2020-03-05,71.73511505126953,83.4000015258789,84.66000366210938,79.19000244140625,79.4800033569336,23267771
2020-03-06,69.99765014648438,81.37999725341797,84.66000366210938,81.26000213623047,82.0999984741211,13730391
2020-03-09,66.89256286621094,77.7699966430664,80.0,77.69999694824219,79.98999786376953,11447065
2020-03-10,69.81702423095703,81.16999816894531,81.41999816894531,77.4000015258789,77.79000091552734,11301386
2020-03-11,70.10086822509766,81.5,83.5999984741211,81.18000030517578,82.0,15057380
2020-03-12,69.05149841308594,80.27999877929688,80.5,78.62000274658203,80.5,9051040
2020-03-13,67.88172149658203,78.91999816894531,80.77999877929688,76.25,76.9000015258789,10649999
2020-03-16,64.0799331665039,74.5,79.38999938964844,73.37999725341797,79.38999938964844,16123405
2020-03-17,61.63715744018555,71.66000366210938,75.87999725341797,69.5999984741211,73.5199966430664,17030608
2020-03-18,60.020111083984375,69.77999877929688,73.68000030517578,69.61000061035156,71.9000015258789,11474386
2020-03-19,57.216064453125,66.5199966430664,69.4800033569336,64.87999725341797,69.0,21171069
2020-03-20,59.33200454711914,68.9800033569336,69.69000244140625,67.0,67.4000015258789,14391044
2020-03-23,57.3106803894043,66.62999725341797,67.93000030517578,65.97000122070312,66.25,9490790
2020-03-24,60.36415481567383,70.18000030517578,70.18000030517578,67.91999816894531,68.12999725341797,13671991
2020-03-25,62.720924377441406,72.91999816894531,73.3499984741211,71.80000305175781,72.5999984741211,12622751
2020-03-26,62.77252960205078,72.9800033569336,74.73999786376953,71.68000030517578,72.30999755859375,8562469
2020-03-27,64.0799331665039,74.5,76.26000213623047,73.80999755859375,73.91000366210938,11637038
2020-03-30,61.86078643798828,71.91999816894531,73.63999938964844,71.80000305175781,73.0,10152779
2020-03-31,63.2628059387207,73.55000305175781,74.44000244140625,72.51000213623047,72.97000122070312,7824258
2020-04-01,63.512245178222656,73.83999633789062,74.7300033569336,72.51000213623047,73.66999816894531,6914537
2020-04-02,63.78749465942383,74.16000366210938,74.22000122070312,72.5,73.01000213623047,7711463
2020-04-03,63.89931106567383,74.29000091552734,75.4800033569336,73.8499984741211,74.25,6450274
2020-04-07,65.5765609741211,76.23999786376953,77.33000183105469,75.7699966430664,75.7699966430664,9627161
2020-04-08,65.41314697265625,76.05000305175781,76.51000213623047,75.19999694824219,75.5,5982046
2020-04-09,65.50775909423828,76.16000366210938,77.4000015258789,75.75,77.0,5540060
2020-04-10,66.09265899658203,76.83999633789062,78.37000274658203,75.55999755859375,75.98999786376953,8768659
2020-04-13,67.20221710205078,78.12999725341797,78.47000122070312,76.0,76.45999908447266,8247321
2020-04-14,67.3742446899414,78.33000183105469,79.08999633789062,77.8499984741211,78.80999755859375,8429026
2020-04-15,67.57207489013672,78.55999755859375,79.97000122070312,78.36000061035156,78.75,7645333
2020-04-16,66.36788940429688,77.16000366210938,78.5,76.43000030517578,78.08000183105469,8216767
2020-04-17,67.35704040527344,78.30999755859375,79.16000366210938,77.48999786376953,77.9000015258789,9121619
2020-04-20,67.10760498046875,78.0199966430664,78.93000030517578,77.5,78.70999908447266,8938577
2020-04-21,64.28636932373047,74.73999786376953,77.47000122070312,74.0199966430664,77.47000122070312,18627736
2020-04-22,66.43669891357422,77.23999786376953,77.72000122070312,73.80999755859375,74.29000091552734,14381215
2020-04-23,66.91838836669922,77.80000305175781,79.5,77.41999816894531,77.41999816894531,10939773
2020-04-24,66.9871826171875,77.87999725341797,79.29000091552734,77.19999694824219,78.16000366210938,10444252
2020-04-27,67.21942901611328,78.1500015258789,78.7699966430664,77.27999877929688,78.0,6120728
2020-04-28,70.80616760253906,82.31999969482422,83.58000183105469,78.41000366210938,79.0999984741211,22393677
2020-04-29,68.02794647216797,79.08999633789062,82.37999725341797,78.69999694824219,81.0,19125475
2020-04-30,68.11396789550781,79.19000244140625,80.33000183105469,78.5,79.1500015258789,12027319
2020-05-06,67.96772766113281,79.0199966430664,79.55000305175781,78.18000030517578,78.9000015258789,13424087
2020-05-07,69.0343017578125,80.26000213623047,81.05999755859375,78.58000183105469,79.4000015258789,13566883
2020-05-08,70.17827606201172,81.58999633789062,83.27999877929688,79.80999755859375,80.61000061035156,17358101
2020-05-11,71.21904754638672,82.80000305175781,84.5199966430664,81.75,82.20999908447266,16177994
2020-05-12,72.33721160888672,84.0999984741211,84.27999877929688,82.30000305175781,82.47000122070312,11238209
2020-05-13,76.25081634521484,88.6500015258789,89.44999694824219,84.0,84.0999984741211,20994670
2020-05-14,75.51970672607422,87.80000305175781,89.0,86.97000122070312,88.38999938964844,12470112
2020-05-15,75.25306701660156,87.48999786376953,88.8499984741211,85.9800033569336,87.37000274658203,12440031
2020-05-18,76.98192596435547,89.5,90.66000366210938,87.0199966430664,87.55999755859375,14443255
2020-05-19,76.6120834350586,89.06999969482422,90.6500015258789,88.4000015258789,90.5999984741211,12171729
2020-05-20,75.5455093383789,87.83000183105469,89.38999938964844,87.5,89.12000274658203,8697451
2020-05-21,75.36488342285156,87.62000274658203,89.0999984741211,87.0999984741211,88.25,9919624
2020-05-22,72.33721160888672,84.0999984741211,87.58000183105469,83.87999725341797,87.58000183105469,14918020
2020-05-25,72.92210388183594,84.77999877929688,85.25,82.98999786376953,84.06999969482422,11850972
2020-05-26,73.42958068847656,85.37000274658203,85.5999984741211,83.5999984741211,85.0,10047030
2020-05-27,72.46623992919922,84.25,85.80000305175781,83.80000305175781,85.37000274658203,9263161
2020-05-28,72.41461944580078,84.19000244140625,85.80999755859375,83.44999694824219,84.0,10117449
2020-05-29,73.369384765625,85.30000305175781,85.75,83.37999725341797,83.94000244140625,10066971
2020-06-01,76.70669555664062,89.18000030517578,90.55999755859376,85.69999694824219,85.91000366210938,19300747
2020-06-02,75.94978332519531,88.30000305175781,90.4800033569336,87.69999694824219,89.9000015258789,14076882
2020-06-03,75.20146179199219,87.43000030517578,88.80999755859375,86.79000091552734,88.11000061035156,11615775
2020-06-04,76.44864654541016,88.87999725341797,90.3000030517578,87.94000244140625,87.94999694824219,11798585
2020-06-05,80.47407531738281,93.55999755859376,94.2699966430664,88.86000061035156,90.02999877929688,21924003
2020-06-08,81.62664794921875,94.9000015258789,97.0999984741211,94.01000213623048,94.5,16732216
2020-06-09,82.30615997314453,95.69000244140624,97.3000030517578,94.12999725341795,95.02999877929688,12103905
2020-06-10,82.52978515625,95.9499969482422,96.0500030517578,94.61000061035156,95.80999755859376,8685723
2020-06-11,81.70404815673828,94.98999786376952,96.62000274658205,93.66999816894533,95.9499969482422,13073867
2020-06-12,81.47183990478516,94.72000122070312,94.98999786376952,92.5,93.0,10897261
2020-06-15,77.72164916992188,90.36000061035156,93.88999938964844,89.79000091552734,93.51000213623048,21514691
2020-06-16,77.83346557617188,90.48999786376952,92.91000366210938,90.1500015258789,90.87999725341795,21037233
2020-06-17,77.06794738769531,89.5999984741211,91.19000244140624,88.5,90.5,13963035
2020-06-18,77.3173828125,89.88999938964844,90.37000274658205,88.9000015258789,89.5,10093383
2020-06-19,79.06346130371094,91.91999816894533,92.8000030517578,90.04000091552734,90.04000091552734,17048581
2020-06-22,77.76465606689453,90.41000366210938,92.3000030517578,89.5999984741211,92.13999938964844,17595175
2020-06-23,80.23323822021484,93.27999877929688,93.5,89.5999984741211,90.33000183105467,20221274
2020-06-24,79.54512786865234,92.4800033569336,94.1999969482422,91.5,93.26000213623048,16176264
2020-06-29,78.16893005371094,90.87999725341795,91.5500030517578,89.80000305175781,91.25,17337854
2020-06-30,78.37535858154297,91.12000274658205,91.87000274658205,90.87999725341795,91.1999969482422,14064763
2020-07-01,86.211181640625,100.2300033569336,100.2300033569336,91.5,91.58000183105467,44023748
2020-07-02,92.44712829589844,107.4800033569336,110.1500015258789,101.0,101.4800033569336,42096756
2020-07-03,94.70067596435548,110.0999984741211,111.27999877929688,105.5500030517578,109.01000213623048,32445907
2020-07-06,95.87906646728516,111.47000122070312,113.8000030517578,108.8000030517578,110.08999633789062,28831310
2020-07-07,99.07015991210938,115.18000030517578,118.0199966430664,108.87000274658205,110.8000030517578,25195075
2020-07-08,98.78632354736328,114.8499984741211,117.0,112.41000366210938,112.47000122070312,17546993
2020-07-09,102.6999282836914,119.4000015258789,119.5,114.44000244140624,114.88999938964844,15530000
2020-07-10,104.48040008544922,121.47000122070312,125.16999816894533,117.41000366210938,119.3000030517578,18419463
2020-07-13,107.4306411743164,124.9000015258789,127.0,119.37999725341795,120.0,26179705
2020-07-14,106.48451232910156,123.8000030517578,126.91000366210938,120.0,125.0,17878302
2020-07-15,110.00245666503906,127.88999938964844,131.1999969482422,123.29000091552734,123.5,20704535
2020-07-16,98.99274444580078,115.08999633789062,125.8499984741211,115.08999633789062,125.8000030517578,31038000
2020-07-17,98.06380462646484,114.01000213623048,118.25,111.20999908447266,111.20999908447266,24490562
2020-07-20,97.0230484008789,112.8000030517578,116.0,106.9000015258789,115.0,23528745
2020-07-21,98.9669418334961,115.05999755859376,117.08000183105467,111.8000030517578,112.69000244140624,17474126
2020-07-22,100.72161102294922,117.0999984741211,118.80999755859376,113.06999969482422,114.6500015258789,16084528
2020-07-23,103.2073974609375,119.98999786376952,120.4000015258789,115.58000183105467,116.0,17009466
2020-07-24,98.00359344482422,113.94000244140624,119.87999725341795,112.16999816894533,119.13999938964844,17298332
2020-07-27,98.88092803955078,114.95999908447266,116.4000015258789,113.0,113.97000122070312,10539724
2020-07-28,100.5495834350586,116.9000015258789,119.19000244140624,114.0,114.01000213623048,15659548
2020-07-29,101.65916442871094,118.19000244140624,118.5999984741211,114.37999725341795,118.0199966430664,14275590
2020-07-30,101.65916442871094,118.19000244140624,120.0,117.0,117.01000213623048,12843554
2020-07-31,101.51293182373048,118.0199966430664,119.5199966430664,115.7699966430664,117.98999786376952,12093623
2020-08-03,101.0226593017578,117.4499969482422,119.4000015258789,116.3000030517578,118.0999984741211,11387691
2020-08-04,100.72161102294922,117.0999984741211,119.48999786376952,116.58000183105467,117.5199966430664,11280689
2020-08-05,102.0634307861328,118.66000366210938,118.98999786376952,114.51000213623048,116.0,12855358
2020-08-06,98.6916961669922,114.73999786376952,118.5,114.04000091552734,118.0,14747083
2020-08-07,95.6124267578125,111.16000366210938,115.5199966430664,109.0999984741211,114.5,18609358
2020-08-10,96.17151641845705,111.80999755859376,112.5500030517578,109.0500030517578,111.6999969482422,10047063
2020-08-11,97.10906219482422,112.9000015258789,115.31999969482422,112.0,113.0,10013638
2020-08-12,95.38880157470705,110.9000015258789,113.23999786376952,109.0500030517578,112.75,8898029
2020-08-13,95.62102508544922,111.16999816894533,112.9800033569336,110.0999984741211,112.0,7044976
2020-08-14,101.15167236328124,117.5999984741211,118.0,110.9000015258789,112.0,18606242
2020-08-17,106.57913208007812,123.91000366210938,124.44000244140624,119.87999725341795,120.0,22678129
2020-08-18,108.0241470336914,125.58999633789062,128.0,122.38999938964844,123.38999938964844,14437358
2020-08-19,109.96804809570312,127.8499984741211,131.5,124.51000213623048,125.6500015258789,18836077
2020-08-20,107.80050659179688,125.33000183105467,127.5999984741211,122.91999816894533,127.5999984741211,11730029
2020-08-21,110.05406951904295,127.9499969482422,130.36000061035156,126.0500030517578,127.0,9888096
2020-08-24,111.77855682373048,128.33999633789062,129.5,124.83000183105467,127.6500015258789,10423994
2020-08-25,120.48811340332033,138.33999633789062,139.36000061035156,128.9499969482422,129.0,18752563
2020-08-26,120.36618041992188,138.1999969482422,140.0,135.39999389648438,138.3800048828125,19158194
2020-08-27,124.09387969970705,142.47999572753906,142.5,136.5800018310547,137.7100067138672,13231680
2020-08-28,131.94119262695312,151.49000549316406,154.97999572753906,141.3000030517578,144.13999938964844,24572784
2020-08-31,130.2515411376953,149.5500030517578,155.8800048828125,149.02000427246094,152.60000610351562,17606129
2020-09-01,128.70123291015625,147.77000427246094,148.3699951171875,141.5,146.6999969482422,19116857
2020-09-02,128.03929138183594,147.00999450683594,149.5500030517578,145.10000610351562,148.0399932861328,11330685
2020-09-03,131.0441131591797,150.4600067138672,153.3699951171875,146.10000610351562,147.0,16894118
2020-09-04,132.7163543701172,152.3800048828125,152.5,143.07000732421875,146.6999969482422,14442850
2020-09-07,132.7337646484375,152.39999389648438,156.97999572753906,148.5,151.9199981689453,17807322
2020-09-08,123.3622817993164,141.63999938964844,152.89999389648438,139.00999450683594,151.99000549316406,22044545
2020-09-09,121.15005493164062,139.10000610351562,142.77999877929688,134.55999755859375,136.1999969482422,12626878
2020-09-10,123.31002044677734,141.5800018310547,144.9499969482422,141.0,141.5,11768467
2020-09-11,127.13351440429688,145.97000122070312,146.3800048828125,140.02999877929688,141.0,12096325
2020-09-14,127.50802612304688,146.39999389648438,148.5,143.5,147.0,11149512
2020-09-15,127.36868286132812,146.24000549316406,146.99000549316406,144.3000030517578,146.10000610351562,6486619
2020-09-16,124.96482849121094,143.47999572753906,148.47999572753906,143.0,146.0800018310547,7879119
2020-09-17,121.96003723144533,140.02999877929688,142.8000030517578,136.11000061035156,141.60000610351562,14916685
2020-09-18,123.89356231689452,142.25,142.3000030517578,138.0399932861328,139.22999572753906,9084641
2020-09-21,122.36937713623048,140.5,141.9499969482422,139.36000061035156,141.5,6120837
2020-09-22,121.90778350830078,139.97000122070312,142.13999938964844,138.50999450683594,138.89999389648438,5751272
2020-09-23,121.62035369873048,139.63999938964844,140.49000549316406,133.3300018310547,136.0,11551371
2020-09-24,119.9568328857422,137.72999572753906,141.22999572753906,137.60000610351562,139.89999389648438,5539904
2020-09-25,120.95844268798828,138.8800048828125,141.3300018310547,138.11000061035156,138.5,5367121
2020-09-28,125.58322143554688,144.19000244140625,146.5,140.0,141.0,12179879
2020-09-29,125.46127319335938,144.0500030517578,146.1999969482422,142.10000610351562,145.9499969482422,7501572
2020-09-30,124.26807403564452,142.67999267578125,146.99000549316406,142.5,146.99000549316406,7318218
2020-10-09,126.75900268554688,145.5399932861328,147.5,142.94000244140625,144.8000030517578,8715956
2020-10-12,132.20248413085938,151.7899932861328,153.02999877929688,145.61000061035156,145.6199951171875,13980582
2020-10-13,132.7772979736328,152.4499969482422,154.77999877929688,150.08999633789062,151.8000030517578,11517764
2020-10-14,131.51443481445312,151.0,154.4600067138672,149.69000244140625,152.0,9321844
2020-10-15,132.1240997314453,151.6999969482422,154.0,150.72000122070312,150.83999633789062,6135501
2020-10-16,130.51283264160156,149.85000610351562,152.5800018310547,148.5,151.57000732421875,5856350
2020-10-19,130.60862731933594,149.9600067138672,152.8000030517578,149.02000427246094,150.2100067138672,5587205
2020-10-20,136.82728576660156,157.10000610351562,157.5800018310547,149.1300048828125,149.39999389648438,13962992
2020-10-21,137.50660705566406,157.8800048828125,159.0,156.0500030517578,156.77999877929688,9608107
2020-10-22,141.13848876953125,162.0500030517578,163.89999389648438,154.8699951171875,158.3000030517578,14197679
2020-10-23,135.55567932128906,155.63999938964844,162.97999572753906,153.02000427246094,161.05999755859375,13170619
2020-10-26,135.43373107910156,155.5,155.5500030517578,147.00999450683594,150.05999755859375,9429444
2020-10-27,135.8430938720703,155.97000122070312,158.3000030517578,154.25999450683594,155.22000122070312,7207583
2020-10-28,141.7917022705078,162.8000030517578,164.0,155.1199951171875,155.69000244140625,12384746
2020-10-29,155.8663787841797,178.9600067138672,178.97000122070312,169.05999755859375,170.10000610351562,22701209
2020-10-30,150.28353881835938,172.5500030517578,176.6199951171875,170.02000427246094,175.11000061035156,21095177
2020-11-02,154.9431610107422,177.89999389648438,179.4499969482422,172.60000610351562,173.88999938964844,16150046
2020-11-03,158.88858032226562,182.42999267578125,182.7899932861328,177.0500030517578,177.89999389648438,14248055
2020-11-04,159.8553466796875,183.5399932861328,184.6000061035156,180.2899932861328,181.8000030517578,7884856
2020-11-05,159.6985626220703,183.3600006103516,186.3600006103516,181.69000244140625,185.5,10777758
2020-11-06,159.21084594726562,182.8000030517578,183.1999969482422,179.10000610351562,182.3999938964844,10662872
2020-11-09,161.95436096191406,185.9499969482422,186.6499938964844,181.5200042724609,183.2899932861328,11041092
2020-11-10,165.00271606445312,189.4499969482422,192.47999572753903,184.00999450683597,185.97999572753903,10886005
2020-11-11,166.09141540527344,190.6999969482422,195.3600006103516,188.0500030517578,188.8000030517578,12771725
2020-11-12,167.3194580078125,192.1100006103516,194.5,188.08999633789065,190.0,9208832
2020-11-13,162.59889221191406,186.69000244140625,190.50999450683597,180.25,189.0500030517578,13479786
2020-11-16,172.4232635498047,197.97000122070312,197.97000122070312,187.0,187.1999969482422,15008609
2020-11-17,171.57843017578125,197.0,200.7899932861328,192.00999450683597,197.5,15512782
2020-11-18,166.7881622314453,191.5,197.8999938964844,187.1000061035156,197.00999450683597,14741995
2020-11-19,166.9275360107422,191.66000366210935,193.0,186.0500030517578,188.0500030517578,9001349
2020-11-20,169.09620666503906,194.1499938964844,198.4900054931641,191.0,192.67999267578125,8339923
2020-11-23,172.32745361328125,197.8600006103516,200.5,195.1000061035156,196.1300048828125,9866144
2020-11-24,173.12001037597656,198.7700042724609,199.47999572753903,194.2100067138672,198.0,6868404
2020-11-25,167.4413604736328,192.25,199.30999755859372,192.0,199.17999267578125,9655653
2020-11-26,167.87686157226562,192.75,194.4199981689453,186.00999450683597,191.0,9932602
2020-11-27,168.0074920654297,192.8999938964844,193.9900054931641,190.0,192.75,7261442
2020-11-30,159.67245483398438,183.3300018310547,192.8000030517578,181.67999267578125,192.6999969482422,19313032
2020-12-01,160.49114990234375,184.2700042724609,185.6999969482422,182.0,184.0,12951579
2020-12-02,160.1776123046875,183.91000366210935,185.30999755859372,182.0,185.0,9017117
2020-12-03,162.328857421875,186.3800048828125,187.27999877929688,183.5500030517578,185.2899932861328,8754054
2020-12-04,166.1785125732422,190.8000030517578,192.97000122070312,185.5800018310547,186.0,12155824
2020-12-07,166.16107177734375,190.77999877929688,196.30999755859372,190.1000061035156,190.8300018310547,12695853
2020-12-08,167.09300231933594,191.8500061035156,193.6300048828125,189.6000061035156,192.0,9795369
2020-12-09,165.4904327392578,190.00999450683597,194.25,189.47999572753903,192.47000122070312,8648915
2020-12-10,166.09141540527344,190.6999969482422,192.88999938964844,188.2100067138672,189.0,8881802
2020-12-11,166.7881622314453,191.5,194.57000732421875,189.0,190.6999969482422,9339248
2020-12-14,172.4058380126953,197.9499969482422,198.0,190.8500061035156,192.0200042724609,12374432
2020-12-15,168.71298217773438,193.7100067138672,195.57000732421875,186.32000732421875,195.5200042724609,23250398
2020-12-16,172.6409912109375,198.22000122070312,199.6000061035156,194.0,194.00999450683597,18455859
2020-12-17,178.37188720703125,204.8000030517578,208.1499938964844,199.1000061035156,200.9900054931641,17917421
2020-12-18,178.2238311767578,204.6300048828125,212.0,202.5200042724609,204.8000030517578,19229990
2020-12-21,186.0363006591797,213.6000061035156,213.9199981689453,203.0800018310547,205.2700042724609,15023178
2020-12-22,187.34274291992188,215.1000061035156,219.47999572753903,212.3600006103516,212.66000366210935,12397839
2020-12-23,188.17015075683597,216.0500030517578,222.75,207.0,216.9900054931641,18645852
2020-12-24,186.3846893310547,214.0,218.5,206.77999877929688,212.50999450683597,12661076
2020-12-25,185.4266357421875,212.8999938964844,215.0,209.5,213.0,8380171
2020-12-28,195.8171539306641,224.8300018310547,228.0500030517578,213.6999969482422,213.6999969482422,16079524
2020-12-29,192.5684814453125,221.1000061035156,226.6999969482422,217.6000061035156,225.5800018310547,14199008
2020-12-30,195.87811279296875,224.8999938964844,227.77999877929688,221.08999633789065,221.08999633789065,10445525
2020-12-31,196.9755096435547,226.16000366210935,228.5,222.5200042724609,224.0800018310547,12259622
2021-01-04,209.76988220214844,240.8500061035156,243.8800048828125,228.0,228.0,15433467
2021-01-05,224.96804809570312,258.29998779296875,258.4700012207031,239.3000030517578,240.8500061035156,15640878
2021-01-06,228.45187377929688,262.29998779296875,268.2900085449219,250.1000061035156,259.0,17394704
2021-01-07,230.8034820556641,265.0,265.0799865722656,253.0800018310547,261.8099975585937,14960633
2021-01-08,222.50323486328125,255.47000122070312,267.0,251.50999450683597,264.5400085449219,17889445
2021-01-11,215.0391387939453,246.8999938964844,255.25,238.0,254.75,19056773
2021-01-12,228.45187377929688,262.29998779296875,263.0,241.75,242.66000366210935,17049828
2021-01-13,231.8486175537109,266.20001220703125,269.42999267578125,258.989990234375,263.20001220703125,16606668
2021-01-14,224.6893615722656,257.9800109863281,266.3900146484375,253.1000061035156,263.010009765625,13578459
2021-01-15,212.07791137695312,243.5,252.0,233.44000244140625,252.0,30672796
2021-01-18,202.07058715820312,232.00999450683597,241.6699981689453,227.8000030517578,240.1300048828125,24130848
2021-01-19,200.20677185058597,229.8699951171875,241.9499969482422,226.6000061035156,236.0,18849555
2021-01-20,199.44903564453125,229.0,232.0,219.0,227.4199981689453,19820072
2021-01-21,207.97569274902344,238.7899932861328,240.83999633789065,227.5,227.8000030517578,18901986
2021-01-22,208.2369842529297,239.08999633789065,241.3500061035156,233.52999877929688,238.4900054931641,12712220
2021-01-25,229.06155395507807,263.0,263.0,239.0,239.08999633789065,23918262
2021-01-26,229.3141326904297,263.2900085449219,266.5,258.19000244140625,263.8900146484375,16187892
2021-01-27,221.22293090820312,254.0,260.94000244140625,242.3300018310547,258.2099914550781,18629495
2021-01-28,217.73912048339844,250.0,255.9900054931641,245.5800018310547,247.97999572753903,13278373
2021-01-29,224.4455108642578,257.70001220703125,266.92999267578125,254.0,254.0,16025788
2021-02-01,222.31163024902344,255.25,263.95001220703125,253.3500061035156,257.9100036621094,11786784
2021-02-02,243.1536102294922,279.17999267578125,280.0,255.72999572753903,255.7400054931641,22842030
2021-02-03,242.99688720703125,279.0,281.67999267578125,275.0799865722656,276.989990234375,13975944
2021-02-04,243.0491180419922,279.0599975585937,291.8800048828125,275.5799865722656,277.0,17701582
2021-02-05,250.65257263183597,287.7900085449219,296.8500061035156,277.0,279.20001220703125,17166124
2021-02-08,253.0128631591797,290.5,298.5799865722656,280.0,291.0,13474409
2021-02-09,259.63214111328125,298.1000061035156,298.8099975585937,288.6600036621094,291.95001220703125,10425006
2021-02-10,273.4716491699219,313.989990234375,318.5,297.1099853515625,297.6600036621094,17446413
2021-02-18,254.66766357421875,292.3999938964844,327.6600036621094,291.5,324.989990234375,23651442
2021-02-19,259.5537414550781,298.010009765625,302.0,278.0,291.0,18174712
2021-02-22,236.35145568847656,271.3699951171875,293.0,270.0,291.0,24874236
2021-02-23,239.04270935058597,274.4599914550781,276.92999267578125,262.5,265.0,15568563
2021-02-24,215.1349639892578,247.00999450683597,274.3999938964844,247.00999450683597,274.3999938964844,27269550
2021-02-25,211.79049682617188,243.1699981689453,253.9199981689453,238.00999450683597,248.1000061035156,19751749
2021-02-26,204.8576812744141,235.2100067138672,243.0,221.97000122070312,235.1999969482422,24991604
2021-03-01,207.5924835205078,238.3500061035156,244.47999572753903,232.5,241.00999450683597,17618691
2021-03-02,197.6984100341797,226.9900054931641,242.1999969482422,224.0,241.17999267578125,22073558
2021-03-03,202.07058715820312,232.00999450683597,233.1199951171875,221.3300018310547,225.1699981689453,15146478
2021-03-04,186.8201446533203,214.5,226.1000061035156,212.1199951171875,226.0,22648399
2021-03-05,189.31109619140625,217.3600006103516,223.0,208.0,208.00999450683597,22537141
2021-03-08,170.3765106201172,195.6199951171875,220.2400054931641,195.6199951171875,217.9600067138672,28309372
2021-03-09,163.05177307128906,187.2100067138672,197.1999969482422,182.1199951171875,192.0,28998554
2021-03-10,170.61166381835938,195.88999938964844,199.3500061035156,191.0,194.0,23736844
2021-03-11,180.305419921875,207.0200042724609,213.0,193.4600067138672,195.8500061035156,23710809
2021-03-12,183.50180053710935,210.69000244140625,211.1699981689453,202.1499938964844,209.0,17584101
2021-03-15,170.70745849609375,196.0,212.0399932861328,190.00999450683597,208.0,19842859
2021-03-16,175.0535430908203,200.9900054931641,202.75999450683597,193.8999938964844,196.92999267578125,13448116
2021-03-17,182.9444122314453,210.0500030517578,211.8800048828125,194.3000030517578,198.82000732421875,15180611
2021-03-18,190.73947143554688,219.0,224.0,209.3699951171875,209.5,15580525
2021-03-19,186.8288726806641,214.50999450683597,218.8800048828125,210.80999755859372,212.1100006103516,14799504
2021-03-22,188.29209899902344,216.19000244140625,218.42999267578125,208.0,213.5800018310547,10786818
2021-03-23,191.52333068847656,219.8999938964844,219.9499969482422,211.3000030517578,215.2899932861328,9572786
2021-03-24,187.1598358154297,214.88999938964844,227.97999572753903,212.91000366210935,217.1999969482422,15535259
2021-03-25,183.51052856445312,210.6999969482422,215.0,204.1499938964844,210.0,13224417
2021-03-26,195.8868408203125,224.91000366210935,226.0,213.02999877929688,213.02999877929688,14820108
2021-03-29,195.51231384277344,224.47999572753903,233.0,222.2700042724609,228.92999267578125,18706714
2021-03-30,199.36192321777344,228.8999938964844,235.4600067138672,225.8800048828125,228.0800018310547,14557225
2021-03-31,195.9826202392578,225.0200042724609,227.7100067138672,221.16000366210935,227.0,10627678
2021-04-01,202.61932373046875,232.63999938964844,232.8000030517578,225.5,227.0,8418673
2021-04-02,215.9101104736328,247.8999938964844,248.0,237.0,237.0,13788301
2021-04-06,212.42628479003903,243.8999938964844,252.0,241.8800048828125,250.0,12925807
2021-04-07,199.44903564453125,229.0,242.0500030517578,227.5,241.0,18978534
2021-04-08,203.1070556640625,233.1999969482422,234.6000061035156,222.3000030517578,223.9900054931641,13081503
2021-04-09,194.9810333251953,223.8699951171875,232.0,222.00999450683597,229.0,11757416
2021-04-12,196.4006805419922,225.5,229.5800018310547,223.5200042724609,226.00999450683597,14415420
2021-04-13,203.7167205810547,233.8999938964844,237.2700042724609,224.2100067138672,224.2100067138672,13396772
2021-04-14,203.59478759765625,233.75999450683597,235.5200042724609,226.92999267578125,234.0,9096974
2021-04-15,201.62643432617188,231.5,233.8999938964844,224.08999633789065,232.0,10207645
2021-04-16,206.16409301757807,236.7100067138672,243.0,234.1100006103516,235.67999267578125,12716129
2021-04-19,208.2805328369141,239.13999938964844,240.5,229.00999450683597,233.8000030517578,12843645
2021-04-20,208.62892150878903,239.5399932861328,247.67999267578125,235.3600006103516,235.5,14389659
2021-04-21,213.03594970703125,244.6000061035156,247.5399932861328,235.3000030517578,235.3000030517578,13328051
2021-04-22,209.3605194091797,240.3800048828125,247.4900054931641,237.1100006103516,247.00999450683597,11481844
2021-04-23,217.39944458007807,249.6100006103516,249.8000030517578,240.1100006103516,240.1100006103516,14945017
2021-04-26,215.5181884765625,247.4499969482422,257.57000732421875,246.3600006103516,250.0,13470436
2021-04-27,218.61009216308597,251.0,251.0,243.1000061035156,249.00999450683597,8435415
2021-04-28,227.3196563720703,261.0,261.1600036621094,243.5800018310547,247.3999938964844,14031376
2021-04-29,229.04415893554688,262.9800109863281,263.989990234375,255.0,260.0,11522005
2021-04-30,222.59906005859372,255.5800018310547,261.79998779296875,253.5,259.0,13574238
2021-05-06,208.92503356933597,239.8800048828125,253.0,237.8800048828125,250.50999450683597,16247668
2021-05-07,206.76507568359372,237.3999938964844,245.0,236.5200042724609,240.00999450683597,10420747
2021-05-10,196.8622894287109,226.02999877929688,237.9600067138672,224.0,234.82000732421875,16688080
2021-05-11,206.30345153808597,236.8699951171875,237.7700042724609,224.16000366210935,224.9199981689453,14003624
2021-05-12,211.9037170410156,243.3000030517578,244.9900054931641,234.6000061035156,236.17999267578125,9682283
2021-05-13,211.7382354736328,243.1100006103516,244.5800018310547,236.0,240.0,7442029
2021-05-14,215.82302856445312,247.8000030517578,252.5500030517578,241.5,246.1100006103516,10165224
2021-05-17,224.5412750244141,257.8099975585937,261.44000244140625,248.05999755859372,248.05999755859372,14757035
2021-05-18,224.6196746826172,257.8999938964844,261.44000244140625,253.1300048828125,257.82000732421875,7557045
2021-05-19,224.73291015625,258.0299987792969,263.010009765625,254.0500030517578,255.97999572753903,7898046
2021-05-20,226.0132293701172,259.5,263.8800048828125,256.70001220703125,256.70001220703125,10051757
2021-05-21,224.27130126953125,257.5,265.0,255.0,259.70001220703125,10547624
2021-05-24,230.6031494140625,264.7699890136719,265.2799987792969,253.5,261.1300048828125,12616998
2021-05-25,247.3951873779297,284.04998779296875,284.2699890136719,266.010009765625,266.010009765625,20285346
2021-05-26,240.2882080078125,275.8900146484375,285.79998779296875,273.5,284.0599975585937,17310154
2021-05-27,240.20980834960935,275.79998779296875,284.0,268.5,276.0,12410602
2021-05-28,239.0688323974609,274.489990234375,276.989990234375,271.67999267578125,274.8999938964844,8206796
2021-05-31,239.4695281982422,274.95001220703125,274.989990234375,267.04998779296875,271.0,11167013
2021-06-01,241.87332153320312,277.7099914550781,278.4599914550781,270.9800109863281,274.95001220703125,11861677
2021-06-02,239.3387908935547,274.79998779296875,279.8999938964844,273.010009765625,277.0,9059630
2021-06-03,241.2462158203125,276.989990234375,284.1099853515625,272.010009765625,275.07000732421875,13233210
2021-06-04,243.5194396972656,279.6000061035156,283.29998779296875,272.2300109863281,273.0,10380608
2021-06-07,246.6722869873047,283.2200012207031,285.0,276.1499938964844,278.2200012207031,12672016
2021-06-08,228.2080078125,262.0199890136719,282.1700134277344,256.0,282.0,23291852
2021-06-09,228.36477661132807,262.20001220703125,264.9800109863281,256.75,260.0,12035105
2021-06-10,232.29278564453125,266.7099914550781,268.989990234375,260.2099914550781,261.2799987792969,8615467
2021-06-11,224.9245147705078,258.25,268.0,255.6000061035156,267.0199890136719,16697134
2021-06-15,217.6171875,249.8600006103516,257.989990234375,243.5,257.989990234375,21565069
2021-06-16,211.276611328125,242.5800018310547,251.97999572753903,240.0,250.0,15016349
2021-06-17,211.1634063720703,242.4499969482422,246.1999969482422,241.0,242.0,14129267
2021-06-18,202.75868225097656,232.8000030517578,242.8000030517578,228.5200042724609,242.4499969482422,23360700
2021-06-21,205.9812164306641,236.5,240.0,231.8000030517578,233.1100006103516,18270417
2021-06-22,202.07931518554688,232.0200042724609,239.5,227.6199951171875,238.88999938964844,24971471
2021-06-23,196.81874084472656,225.97999572753903,232.8000030517578,225.0,231.00999450683597,17964254
2021-06-24,201.19094848632807,231.0,233.9499969482422,225.00999450683597,228.1999969482422,16629430
2021-06-25,204.61378479003903,234.92999267578125,237.1499938964844,223.8000030517578,229.0,23727273
2021-06-28,205.11024475097656,235.5,238.3000030517578,233.1999969482422,234.5,13190220
2021-06-29,198.70872497558597,228.1499938964844,237.0,227.5,235.97999572753903,16425529
2021-06-30,205.4934844970703,235.94000244140625,240.3000030517578,229.0,230.0,17633056
2021-07-01,205.54571533203125,236.0,236.0,230.5,235.94000244140625,11952296
2021-07-02,197.35873413085935,226.6000061035156,233.0,226.2899932861328,233.0,13584164
2021-07-05,194.22329711914065,223.0,229.0,221.5800018310547,224.6999969482422,12879413
2021-07-06,196.40939331054688,225.50999450683597,225.9900054931641,216.8000030517578,222.0,15545235
2021-07-07,198.2732391357422,227.6499938964844,230.67999267578125,224.1100006103516,226.6999969482422,10532156
2021-07-08,192.2200927734375,220.6999969482422,228.6999969482422,219.41000366210935,228.5,13091117
2021-07-09,188.5707855224609,216.50999450683597,220.6999969482422,211.97000122070312,220.6499938964844,11469328
2021-07-12,194.92007446289065,223.8000030517578,223.9900054931641,210.1300048828125,217.00999450683597,16135948
2021-07-13,195.40777587890625,224.3600006103516,230.5,223.17999267578125,225.0,11521877
2021-07-14,196.50518798828125,225.6199951171875,227.6000061035156,219.50999450683597,223.5,10569402
2021-07-15,198.67388916015625,228.1100006103516,230.0,221.6100006103516,224.8699951171875,12105227
2021-07-16,193.52651977539065,222.1999969482422,229.9900054931641,221.9900054931641,228.0,9728497
2021-07-19,198.99615478515625,228.47999572753903,229.5800018310547,217.3000030517578,219.2899932861328,12705570
2021-07-20,196.87098693847656,226.0399932861328,233.08999633789065,225.1000061035156,231.0,11806031
2021-07-21,193.97943115234372,222.72000122070312,228.5,222.0,224.97999572753903,12514553
2021-07-22,188.60562133789065,216.5500030517578,224.72000122070312,215.25,221.5500030517578,15672673
2021-07-23,188.5620880126953,216.5,218.42999267578125,212.05999755859372,215.0,13207324
2021-07-26,173.91256713867188,199.67999267578125,213.38999938964844,196.0,213.3300018310547,21413531
2021-07-27,165.48171997070312,190.0,201.58999633789065,188.0,199.6000061035156,21229594
2021-07-28,166.60525512695312,191.2899932861328,194.8000030517578,180.0,186.0,20309348
2021-07-29,161.43177795410156,185.3500061035156,198.0,183.5,195.5,19947422
2021-07-30,149.0206756591797,171.10000610351562,181.0,170.0,181.0,28613862
2021-08-02,157.54733276367188,180.88999938964844,183.0,166.66000366210938,170.00999450683594,33813636
2021-08-03,163.60919189453125,187.8500061035156,189.0,176.22999572753906,179.00999450683594,23372527
2021-08-04,157.407958984375,180.72999572753903,189.6000061035156,180.10000610351562,186.1000061035156,18509642
2021-08-05,153.8283233642578,176.6199951171875,182.8000030517578,173.13999938964844,176.9600067138672,19423084
2021-08-06,155.5005645751953,178.5399932861328,179.49000549316406,173.1999969482422,178.0,14589395
2021-08-09,156.51087951660156,179.6999969482422,182.97999572753903,177.5800018310547,177.5800018310547,17650899
2021-08-10,169.5665283203125,194.69000244140625,196.00999450683597,179.60000610351562,181.0,31529091
2021-08-11,165.65591430664062,190.1999969482422,197.4900054931641,189.17999267578125,190.0,20197122
2021-08-12,162.4595184326172,186.52999877929688,192.5500030517578,185.30999755859372,191.1999969482422,14661109
2021-08-13,164.52366638183594,188.8999938964844,192.3999938964844,185.17999267578125,187.0,13436058
2021-08-16,164.1578826904297,188.47999572753903,193.0,187.1999969482422,190.1000061035156,13150792
2021-08-17,156.232177734375,179.3800048828125,189.6000061035156,178.19000244140625,188.0,16185836
2021-08-18,156.38021850585938,179.5500030517578,182.41000366210935,174.6999969482422,181.22999572753903,14487803
2021-08-19,154.00253295898438,176.82000732421875,182.8800048828125,176.0,182.3600006103516,14501646
2021-08-20,142.20445251464844,161.3800048828125,171.30999755859375,160.7899932861328,167.0,25572964
2021-08-23,147.74703979492188,167.6699981689453,170.0,160.52999877929688,162.17999267578125,20568791
2021-08-24,153.41302490234375,174.10000610351562,177.66000366210938,167.9499969482422,169.35000610351562,16897793
2021-08-25,155.2194366455078,176.14999389648438,180.0,175.0,176.0,14456888
2021-08-26,149.82662963867188,170.02999877929688,175.89999389648438,169.38999938964844,175.89999389648438,10206352
2021-08-27,149.2538604736328,169.3800048828125,175.14999389648438,167.3300018310547,170.74000549316406,15087095
2021-08-30,156.10060119628906,177.14999389648438,180.8000030517578,169.1999969482422,175.0,23014073
2021-08-31,149.80018615722656,170.0,179.4499969482422,167.10000610351562,176.0,17435412
2021-09-01,160.53292846679688,182.17999267578125,185.1499938964844,165.10000610351562,169.05999755859375,29330914
2021-09-02,157.82772827148438,179.11000061035156,184.0,177.05999755859375,182.17999267578125,21329967
2021-09-03,162.40103149414062,184.3000030517578,185.52999877929688,172.49000549316406,176.5,23660590
2021-09-06,164.7801971435547,187.0,195.0,180.0800018310547,181.1100006103516,29222544
2021-09-07,164.7449493408203,186.9600067138672,189.3000030517578,185.0,186.9499969482422,15942444
2021-09-08,160.29501342773438,181.91000366210935,186.8999938964844,180.1999969482422,186.8999938964844,15003058
2021-09-09,159.85443115234375,181.41000366210935,183.47000122070312,178.5,181.00999450683597,10247966
2021-09-10,165.12387084960938,187.38999938964844,188.02999877929688,179.0,180.30999755859372,18238704
2021-09-13,162.95616149902344,184.92999267578125,189.3800048828125,183.0,186.0,10595785
2021-09-14,159.95135498046875,181.5200042724609,186.80999755859372,181.2100067138672,184.9499969482422,11085572
2021-09-15,152.3291778564453,172.8699951171875,180.7899932861328,171.0,180.0,18220562
2021-09-16,153.5011444091797,174.1999969482422,176.67999267578125,168.05999755859375,170.97000122070312,15293633
2021-09-17,160.3655242919922,181.9900054931641,184.5,170.89999389648438,172.0500030517578,16423524
2021-09-22,153.69497680664062,174.4199981689453,180.7400054931641,173.16000366210938,177.1999969482422,11005505
2021-09-23,156.0741729736328,177.1199951171875,180.52999877929688,173.00999450683594,174.8300018310547,9975986
2021-09-24,164.25149536132812,186.3999938964844,189.44000244140625,176.0800018310547,176.11000061035156,23048021
2021-09-27,180.6766357421875,205.0399932861328,205.0399932861328,200.0,200.0,14133314
2021-09-28,187.7172698974609,213.02999877929688,218.8999938964844,201.0,205.0,45991379
2021-09-29,186.3690490722656,211.5,218.5500030517578,207.0,214.8699951171875,28186736
2021-09-30,195.2513427734375,221.5800018310547,226.0,208.50999450683597,209.0,28411679
2021-10-08,198.5557556152344,225.3300018310547,232.66000366210935,219.5800018310547,222.0,22617622
2021-10-11,197.82437133789065,224.5,231.0,222.0,226.0,15531629
2021-10-12,198.39712524414065,225.1499938964844,228.00999450683597,218.9199981689453,224.30999755859372,11490605
2021-10-13,209.9669952392578,238.27999877929688,246.0,223.5,225.0,21931916
2021-10-14,210.50450134277344,238.88999938964844,244.6000061035156,230.69000244140625,238.67999267578125,14915230
2021-10-15,206.80357360839844,234.69000244140625,239.3300018310547,228.0200042724609,234.0,13510583
2021-10-18,198.1944732666016,224.9199981689453,230.6999969482422,215.3000030517578,230.00999450683597,24444266
2021-10-19,203.8780517578125,231.3699951171875,233.3000030517578,222.0,222.0,14676861
2021-10-20,204.5477600097656,232.1300048828125,237.8999938964844,229.6000061035156,235.0,10430217
2021-10-21,204.34507751464844,231.8999938964844,233.9499969482422,226.5,232.0,9048912
2021-10-22,204.3539123535156,231.91000366210935,236.44000244140625,228.50999450683597,234.0,10014047
2021-10-25,203.1995391845703,230.6000061035156,233.27999877929688,227.3699951171875,230.66000366210935,8516350
2021-10-26,205.2262420654297,232.8999938964844,238.5399932861328,231.0,232.0,9966985
2021-10-27,198.3795166015625,225.1300048828125,231.66000366210935,222.0500030517578,228.38999938964844,11160944
2021-10-28,200.2828369140625,227.2899932861328,232.8600006103516,224.5500030517578,225.1199951171875,8356695
2021-10-29,201.74560546875,228.9499969482422,239.8800048828125,227.8000030517578,231.8000030517578,17029287
2021-11-01,203.72825622558597,231.1999969482422,234.6699981689453,216.3000030517578,224.00999450683597,14142845
2021-11-02,197.3837890625,224.0,230.75999450683597,220.0,227.8300018310547,13742496
2021-11-03,196.51141357421875,223.00999450683597,226.02999877929688,220.0500030517578,223.9900054931641,7529719
2021-11-04,206.87405395507807,234.7700042724609,237.0,223.6999969482422,225.00999450683597,14249145
2021-11-05,202.406494140625,229.6999969482422,236.7700042724609,229.50999450683597,234.75999450683597,10397633
2021-11-08,203.99261474609372,231.5,234.8000030517578,227.5,229.4900054931641,8366436
2021-11-09,200.0008850097656,226.97000122070312,235.3300018310547,226.57000732421875,231.0,8655226
2021-11-10,193.0219573974609,219.0500030517578,229.0500030517578,216.1000061035156,229.0500030517578,11748430
2021-11-11,192.8016662597656,218.8000030517578,220.1999969482422,213.0,218.92999267578125,8993040
2021-11-12,185.0472869873047,210.0,222.7700042724609,206.6999969482422,219.7700042724609,18999671
2021-11-15,186.3338165283203,211.4600067138672,214.8800048828125,208.8000030517578,212.0,9037375
2021-11-16,195.4451904296875,221.8000030517578,224.0,212.97000122070312,214.0,14156038
2021-11-17,196.1765899658203,222.6300048828125,225.5,219.22999572753903,220.50999450683597,7759073
2021-11-18,196.63478088378903,223.1499938964844,225.5500030517578,219.4499969482422,221.6999969482422,5239234
2021-11-19,203.13787841796875,230.52999877929688,234.8800048828125,221.0500030517578,221.0500030517578,12851030
2021-11-22,200.4502716064453,227.47999572753903,238.6100006103516,226.5800018310547,230.5200042724609,15424897
2021-11-23,199.190185546875,226.0500030517578,231.3600006103516,224.22999572753903,226.0,8742354
2021-11-24,207.0326690673828,234.9499969482422,240.0,227.41000366210935,228.0,21943330
2021-11-25,207.0238494873047,234.94000244140625,243.6999969482422,234.1999969482422,236.0,15389988
2021-11-26,205.91357421875,233.67999267578125,236.0,231.00999450683597,234.9499969482422,7622769
2021-11-29,207.51731872558597,235.5,236.0,229.5,231.3000030517578,9762013
2021-11-30,202.71490478515625,230.0500030517578,236.6000061035156,229.4600067138672,234.8000030517578,10256231
2021-12-01,204.53012084960935,232.1100006103516,234.88999938964844,229.0,233.2899932861328,6761525
2021-12-02,208.9976806640625,237.17999267578125,238.1100006103516,231.0,232.1100006103516,9530593
2021-12-03,222.3211212158203,252.3000030517578,254.0,238.1999969482422,238.1999969482422,23446929
2021-12-06,215.34217834472656,244.3800048828125,254.8999938964844,244.1000061035156,254.5,17014192
2021-12-07,217.183837890625,246.47000122070312,252.5200042724609,245.0,247.1300048828125,14770630
2021-12-08,222.8233795166016,252.8699951171875,258.5899963378906,243.50999450683597,245.02999877929688,18248567
2021-12-09,223.2022705078125,253.3000030517578,260.0,252.0,254.97000122070312,19497098
2021-12-10,222.20654296875,252.1699981689453,255.42999267578125,247.3300018310547,250.7899932861328,12707982
2021-12-13,224.1980133056641,254.42999267578125,261.6300048828125,254.3000030517578,257.0,15543017
2021-12-14,229.45864868164065,260.3999938964844,262.5,252.1999969482422,253.16000366210935,12625438
2021-12-15,230.18121337890625,261.2200012207031,262.0199890136719,255.8000030517578,260.3800048828125,8040745
2021-12-16,227.2380828857422,257.8800048828125,261.0799865722656,249.0,261.0799865722656,13181047
2021-12-17,218.9814300537109,248.50999450683597,257.8800048828125,247.6000061035156,256.8099975585937,12104503
2021-12-20,218.2236175537109,247.6499938964844,254.5,246.2100067138672,246.97000122070312,8253173
2021-12-21,218.5320281982422,248.0,250.9900054931641,242.8999938964844,246.75999450683597,7722227
2021-12-22,222.3034820556641,252.27999877929688,254.5500030517578,247.00999450683597,248.6999969482422,7621115
2021-12-23,231.7497100830078,263.0,264.1499938964844,251.50999450683597,252.7100067138672,13577381
2021-12-24,230.16358947753903,261.20001220703125,272.3299865722656,259.1099853515625,262.989990234375,13701815
2021-12-27,230.1547698974609,261.19000244140625,264.0,257.1099853515625,259.3900146484375,7498507
2021-12-28,229.81109619140625,260.79998779296875,266.8800048828125,259.2900085449219,260.739990234375,7759484
2021-12-29,214.12615966796875,243.0,263.3900146484375,241.92999267578125,262.07000732421875,17935972
2021-12-30,223.819091796875,254.0,256.5599975585937,245.1100006103516,245.3300018310547,11570897
2021-12-31,223.70455932617188,253.8699951171875,257.0,248.3000030517578,254.0,9975719
2022-01-04,220.8583526611328,250.63999938964844,253.8000030517578,243.05999755859372,253.0,8944097
2022-01-05,218.41749572753903,247.8699951171875,253.8800048828125,244.22000122070312,248.0,7056065
2022-01-06,213.02468872070312,241.75,249.25999450683597,235.6000061035156,247.4600067138672,10785593
2022-01-07,208.5571136474609,236.67999267578125,242.66000366210935,232.3300018310547,239.97999572753903,8978967
2022-01-10,209.01531982421875,237.1999969482422,238.6499938964844,227.75,233.0,7801688
2022-01-11,203.5520172119141,231.0,237.8000030517578,230.0200042724609,236.3300018310547,5928627
2022-01-12,202.81182861328125,230.16000366210935,233.80999755859372,228.2899932861328,233.0,8963264
2022-01-13,197.3837890625,224.0,232.6699981689453,223.5800018310547,230.6000061035156,12080667
2022-01-14,200.15948486328125,227.1499938964844,230.72000122070312,224.0,224.0,7966141
2022-01-17,202.38885498046875,229.67999267578125,230.27999877929688,222.25999450683597,226.8999938964844,6549307
2022-01-18,207.7111968994141,235.72000122070312,238.0,227.6000061035156,229.97000122070312,8727508
2022-01-19,202.57391357421875,229.88999938964844,237.1999969482422,226.66000366210935,236.1000061035156,8177996
2022-01-20,208.13414001464844,236.1999969482422,238.19000244140625,228.0,229.5500030517578,9610122
2022-01-21,208.7069091796875,236.8500061035156,241.38999938964844,233.5,234.8600006103516,6364017
2022-01-24,205.2262420654297,232.8999938964844,239.0,230.8600006103516,234.0,6604416
2022-01-25,200.01849365234372,226.9900054931641,234.27999877929688,226.9900054931641,232.41000366210935,6135018
2022-01-26,200.93492126464844,228.02999877929688,230.6000061035156,222.22000122070312,226.9900054931641,6639053
2022-01-27,197.82437133789065,224.5,234.33999633789065,224.0800018310547,229.6000061035156,8189463
2022-01-28,190.6075134277344,216.30999755859372,226.9499969482422,214.2100067138672,225.2400054931641,10476593
2022-02-07,188.9685211181641,214.4499969482422,225.2899932861328,212.0,221.5,9061610
2022-02-08,183.6021728515625,208.3600006103516,215.1999969482422,200.0,214.00999450683597,11504823
2022-02-09,188.7306060791016,214.17999267578125,214.97999572753903,205.17999267578125,208.1000061035156,10076333
2022-02-10,188.04327392578125,213.3999938964844,215.1999969482422,207.41000366210935,213.0,7536154
2022-02-11,190.4929656982422,216.17999267578125,224.0,209.27999877929688,212.5200042724609,11794451
2022-02-14,193.33035278320312,219.3999938964844,221.3800048828125,213.0,214.0,6986391
2022-02-15,197.39259338378903,224.00999450683597,224.5,219.1199951171875,221.75999450683597,7260463
2022-02-16,201.75440979003903,228.9600067138672,230.97000122070312,223.1699981689453,225.4900054931641,6552377
2022-02-17,200.50314331054688,227.5399932861328,230.3500061035156,226.08999633789065,229.9499969482422,4430757
2022-02-18,200.99661254882807,228.1000061035156,229.8000030517578,224.0,227.67999267578125,3637130
2022-02-21,200.6353302001953,227.69000244140625,231.6999969482422,226.3500061035156,228.1999969482422,4172002
2022-02-22,195.0222320556641,221.32000732421875,227.58999633789065,220.0,227.0,5446140
2022-02-23,196.0179443359375,222.4499969482422,222.9600067138672,219.1199951171875,221.33999633789065,3826630
2022-02-24,186.58935546875,211.75,220.0,207.16000366210935,220.0,12178663
2022-02-25,189.717529296875,215.3000030517578,217.0,213.0,214.0,5950910
2022-02-28,190.86306762695312,216.6000061035156,216.7700042724609,213.07000732421875,215.32000732421875,4376998
2022-03-01,194.55520629882807,220.7899932861328,221.8000030517578,217.0,217.0,6100024
2022-03-02,190.34315490722656,216.00999450683597,220.3999938964844,214.1999969482422,218.6999969482422,4716747
2022-03-03,181.59307861328125,206.0800018310547,217.69000244140625,205.75999450683597,216.2100067138672,9536769
2022-03-04,179.10813903808594,203.25999450683597,207.77999877929688,201.1999969482422,201.8699951171875,6079039
2022-03-07,168.17274475097656,190.8500061035156,199.9900054931641,189.1999969482422,199.92999267578125,12806647
2022-03-08,172.53456115722656,195.8000030517578,203.0,194.0800018310547,198.0,11699644
2022-03-09,176.52630615234375,200.3300018310547,202.82000732421875,192.0500030517578,196.8000030517578,12212479
2022-03-10,187.09164428710935,212.32000732421875,213.52999877929688,207.0,208.9499969482422,10896493
2022-03-11,181.1701202392578,205.6000061035156,210.0,201.0,208.32000732421875,9146913
2022-03-14,171.81199645996094,194.97999572753903,203.0,194.3999938964844,203.0,11194588
2022-03-15,164.7625732421875,186.97999572753903,196.3000030517578,186.1000061035156,190.0,11141287
2022-03-16,170.93963623046875,193.9900054931641,195.2400054931641,181.17999267578125,190.8800048828125,11940351
2022-03-17,179.67210388183594,203.8999938964844,207.5500030517578,197.0,197.08999633789065,14131344
2022-03-18,179.65447998046875,203.8800048828125,206.5,200.0,201.6499938964844,6885561
2022-03-21,180.99388122558597,205.3999938964844,210.0,200.41000366210935,209.6000061035156,5392388
2022-03-22,178.31509399414062,202.3600006103516,207.3999938964844,201.72999572753903,207.0800018310547,4296034
2022-03-23,180.4651641845703,204.8000030517578,208.83999633789065,200.77999877929688,203.9499969482422,6836931
2022-03-24,176.14739990234375,199.8999938964844,202.5,197.6999969482422,202.0,5958453
2022-03-25,167.6175994873047,190.22000122070312,200.8800048828125,189.17999267578125,200.8800048828125,9116773
2022-03-28,160.2861785888672,181.8999938964844,184.9900054931641,176.0,183.0,14412835
2022-03-29,157.52810668945312,178.77000427246094,183.5,178.5,181.00999450683597,6582466
2022-03-30,165.67901611328125,188.0200042724609,188.0200042724609,180.3999938964844,182.3300018310547,8776075
2022-03-31,163.79330444335938,185.8800048828125,187.63999938964844,183.0,185.9900054931641,5512286
2022-04-01,168.0405731201172,190.6999969482422,193.5,182.82000732421875,183.6999969482422,6904755
2022-04-06,165.22079467773438,187.5,191.22999572753903,185.9900054931641,188.8000030517578,5438454
2022-04-07,165.45872497558594,187.7700042724609,191.97999572753903,186.1999969482422,186.5,3764167
2022-04-08,166.25177001953125,188.6699981689453,193.1999969482422,188.0,190.0,5524879
2022-04-11,158.7000732421875,180.10000610351562,187.9900054931641,177.0,187.0,8995011
2022-04-12,170.06727600097656,193.0,194.0,179.1199951171875,181.88999938964844,9922519
2022-04-13,169.80291748046875,192.6999969482422,198.6999969482422,189.42999267578125,190.9499969482422,10771393
2022-04-14,184.6331329345703,209.52999877929688,211.97000122070312,195.0,195.0399932861328,15326222
2022-04-15,183.72552490234372,208.5,210.2400054931641,204.47000122070312,207.5,7523181
2022-04-18,181.6107177734375,206.1000061035156,207.5,199.8999938964844,205.05999755859372,6633250
2022-04-19,178.83497619628906,202.9499969482422,210.5500030517578,202.33999633789065,205.0200042724609,4956798
2022-04-20,178.7997589111328,202.91000366210935,207.19000244140625,198.1199951171875,201.0,7123813
2022-04-21,175.697998046875,199.38999938964844,205.9199981689453,198.5,199.9900054931641,6138024
2022-04-22,177.29293823242188,201.1999969482422,204.9900054931641,195.50999450683597,199.41000366210935,6484857
2022-04-25,169.80291748046875,192.6999969482422,203.55999755859372,192.5,195.00999450683597,7797024
2022-04-26,176.9933319091797,200.8600006103516,205.6000061035156,194.0,194.0,10931682
2022-04-27,177.7599639892578,201.72999572753903,206.3000030517578,200.3999938964844,201.3300018310547,9566794
2022-04-28,188.57200622558597,214.0,214.0,200.0,201.3000030517578,12163514
2022-04-29,185.6905517578125,210.72999572753903,221.5399932861328,205.0,219.0,15975239
2022-05-05,185.0384826660156,209.9900054931641,215.5,208.00999450683597,208.6000061035156,9593662
2022-05-06,176.173828125,199.92999267578125,205.17999267578125,198.7899932861328,204.3000030517578,8899837
2022-05-09,171.01895141601562,194.0800018310547,197.6999969482422,189.0,194.0,8177869
2022-05-10,174.17356872558594,197.66000366210935,199.8500061035156,189.3699951171875,190.0,7064814
2022-05-11,177.5572967529297,201.5,204.0,196.50999450683597,197.0,7036959
2022-05-12,181.0115203857422,205.4199981689453,207.5,199.8000030517578,202.0,6312428
2022-05-13,180.244873046875,204.5500030517578,208.6000061035156,202.8800048828125,207.0,3742588
2022-05-16,177.9538116455078,201.9499969482422,209.3000030517578,201.0,207.1999969482422,5544917
2022-05-17,178.7733154296875,202.8800048828125,204.5500030517578,200.6000061035156,203.5,4704082
2022-05-18,175.16046142578125,198.77999877929688,202.8800048828125,195.0,201.38999938964844,6465533
2022-05-19,172.86061096191406,196.1699981689453,197.4900054931641,194.5,194.6199951171875,4902314
2022-05-20,184.18374633789065,209.0200042724609,210.0,197.0,198.0,12406364
2022-05-23,181.50494384765625,205.97999572753903,209.83999633789065,203.6999969482422,208.0,6405412
2022-05-24,177.77757263183594,201.75,205.97999572753903,201.0,204.75999450683597,5998490
2022-05-25,174.03257751464844,197.5,202.5,193.7899932861328,201.0,11886832
2022-05-26,173.424560546875,196.80999755859372,200.0,193.0,197.5,8126620
2022-05-27,173.9444580078125,197.3999938964844,203.0,196.77999877929688,199.0,6770484
2022-05-30,181.5225982666016,206.0,208.1999969482422,199.41000366210935,199.5,12523459
2022-05-31,189.2769470214844,214.8000030517578,216.57000732421875,205.1999969482422,207.07000732421875,12652779
2022-06-01,188.959716796875,214.44000244140625,215.8300018310547,210.0,214.58999633789065,6607138
2022-06-02,185.33810424804688,210.3300018310547,214.8000030517578,209.1000061035156,213.5,5536273
2022-06-06,189.2769470214844,214.8000030517578,215.3500061035156,205.00999450683597,209.83999633789065,8934675
2022-06-07,191.31246948242188,217.1100006103516,219.5200042724609,213.0800018310547,214.00999450683597,6865503
2022-06-08,194.93409729003903,221.22000122070312,224.8000030517578,216.05999755859372,218.6999969482422,9121593
2022-06-09,189.8056488037109,215.3999938964844,223.1000061035156,215.0,221.22000122070312,6892594
2022-06-10,193.0660095214844,219.1000061035156,220.8699951171875,213.5200042724609,214.0200042724609,5736569
2022-06-13,187.99923706054688,213.3500061035156,217.5,210.6000061035156,217.0,7266988
2022-06-14,188.30764770507807,213.6999969482422,215.58999633789065,210.25,210.8999938964844,6224169
2022-06-15,192.36106872558597,218.3000030517578,221.8800048828125,212.0,213.7100067138672,8780603
2022-06-16,192.22889709472656,218.1499938964844,221.7899932861328,216.4900054931641,219.0,4750097
2022-06-17,196.5026092529297,223.0,224.2700042724609,215.5,216.0,6778473
2022-06-20,200.13304138183597,227.1199951171875,230.3000030517578,221.1300048828125,225.0,8202866
2022-06-21,200.90847778320312,228.0,232.8500061035156,225.8000030517578,226.0,8111426
2022-06-22,198.31781005859372,225.05999755859372,230.8800048828125,224.0,229.0,5702278
2022-06-23,199.4897918701172,226.38999938964844,227.97999572753903,222.0,227.0,6595605
2022-06-24,202.67083740234372,230.0,231.8500061035156,226.0,227.38999938964844,7854485
2022-06-27,210.3459014892578,238.7100067138672,242.0,230.66000366210935,230.8800048828125,9789441
2022-06-28,208.83908081054688,237.0,239.9199981689453,235.82000732421875,238.6999969482422,6205014
2022-06-29,207.8697967529297,235.8999938964844,239.9600067138672,234.00999450683597,236.97000122070312,5779214
2022-06-30,217.2455139160156,246.5399932861328,251.50999450683597,237.0,238.0,11434521
2022-07-01,216.3731689453125,245.5500030517578,249.8600006103516,240.8800048828125,247.9900054931641,6533619
2022-07-04,213.7296295166016,242.5500030517578,245.9900054931641,239.3000030517578,245.55999755859372,6815355
2022-07-05,215.00733947753903,244.0,246.44000244140625,239.16000366210935,244.0,6864742
2022-07-06,207.37632751464844,235.33999633789065,243.5,233.4900054931641,241.22000122070312,9192650
2022-07-07,207.1208038330078,235.0500030517578,237.8800048828125,230.0,234.0,6418922
2022-07-08,212.33737182617188,240.97000122070312,243.8300018310547,236.3500061035156,237.1999969482422,7698660
2022-07-11,206.3717803955078,234.1999969482422,238.0,230.66000366210935,237.0,5313461
2022-07-12,206.6625823974609,234.52999877929688,237.8000030517578,230.6000061035156,233.0,4847996
2022-07-13,208.83908081054688,237.0,239.47999572753903,232.13999938964844,234.8800048828125,5013059
2022-07-14,206.44227600097656,234.27999877929688,238.5,233.22000122070312,235.00999450683597,5289828
2022-07-15,209.3677978515625,237.6000061035156,246.38999938964844,233.0800018310547,234.27999877929688,8166375
2022-07-18,206.6625823974609,234.52999877929688,238.0200042724609,226.2100067138672,238.0200042724609,8584718
2022-07-19,206.9005126953125,234.8000030517578,235.8000030517578,231.0,232.25,4848441
2022-07-20,207.69357299804688,235.6999969482422,238.77999877929688,235.1100006103516,237.00999450683597,4120470
2022-07-21,206.0986175537109,233.88999938964844,239.1100006103516,233.1999969482422,234.00999450683597,3407506
2022-07-22,204.8737945556641,232.5,236.3600006103516,231.4199981689453,235.0,3469081
2022-07-25,206.01931762695312,233.8000030517578,234.97999572753903,228.50999450683597,232.52999877929688,3006880
2022-07-26,209.17393493652344,237.3800048828125,242.0,235.0,235.9499969482422,5201977
2022-07-27,203.99261474609372,231.5,236.2899932861328,230.6000061035156,236.00999450683597,5132388
2022-07-28,201.8249053955078,229.0399932861328,233.55999755859372,228.8000030517578,232.0200042724609,3673200
2022-07-29,195.7976531982422,222.1999969482422,228.0,218.3999938964844,227.27999877929688,8609777
2022-08-01,197.3837890625,224.0,227.3999938964844,220.3800048828125,220.3800048828125,7227824
2022-08-02,193.1717529296875,219.22000122070312,224.77999877929688,218.8999938964844,221.19000244140625,7774085
2022-08-03,194.3877716064453,220.6000061035156,224.8300018310547,219.7700042724609,221.0,5110680
2022-08-04,198.96990966796875,225.8000030517578,225.9900054931641,219.77999877929688,222.00999450683597,5505400
2022-08-05,198.6878967285156,225.47999572753903,228.57000732421875,222.1999969482422,225.57000732421875,4185962
2022-08-08,195.57737731933597,221.9499969482422,225.3000030517578,220.1499938964844,222.5,5403294
2022-08-09,194.0264892578125,220.19000244140625,221.58999633789065,218.6000061035156,220.1000061035156,4484871
2022-08-10,189.7351531982422,215.32000732421875,221.1999969482422,212.66000366210935,220.0,8389679
2022-08-11,194.59927368164065,220.83999633789065,220.8999938964844,216.1999969482422,216.6100006103516,6245917
2022-08-12,197.9829864501953,224.67999267578125,224.9900054931641,219.00999450683597,221.00999450683597,4848619
2022-08-15,193.8590850830078,220.0,223.6999969482422,218.1000061035156,222.0,6650481
2022-08-16,192.44036865234372,218.38999938964844,221.3500061035156,217.1300048828125,219.5200042724609,4299348
2022-08-17,195.6038055419922,221.97999572753903,223.9600067138672,216.5800018310547,218.1999969482422,5174887
2022-08-18,190.1581268310547,215.8000030517578,220.8000030517578,214.4900054931641,219.5,9014653
2022-08-19,190.5987091064453,216.3000030517578,219.8999938964844,213.3800048828125,214.0,5658320
2022-08-22,192.96908569335935,218.9900054931641,219.7899932861328,214.0500030517578,214.8500061035156,4255592
2022-08-23,189.4532012939453,215.0,219.8800048828125,212.8000030517578,218.0,5969429
2022-08-24,188.7482452392578,214.1999969482422,216.75,213.1999969482422,214.5,4623355
2022-08-25,193.7709503173828,219.8999938964844,220.4499969482422,214.1199951171875,215.0,8239918
2022-08-26,199.68630981445312,223.2700042724609,228.0,220.0,220.0,10823725
2022-08-29,200.9652862548828,224.6999969482422,236.97999572753903,223.30999755859372,231.08999633789065,16422041
2022-08-30,202.26210021972656,226.1499938964844,228.9499969482422,222.3500061035156,227.3000030517578,8148188
2022-08-31,209.46180725097656,234.1999969482422,235.3999938964844,225.00999450683597,225.1000061035156,12256701
2022-09-01,206.3135986328125,230.67999267578125,235.3800048828125,229.0,232.33999633789065,7376501
2022-09-02,201.68077087402344,225.5,231.5,223.02999877929688,230.5,7476734
2022-09-05,198.37161254882807,221.8000030517578,222.9900054931641,217.0,222.5,7996733
2022-09-06,197.74554443359372,221.1000061035156,224.4900054931641,218.16000366210935,222.00999450683597,7649824
2022-09-07,196.1446075439453,219.30999755859372,221.0,216.13999938964844,220.0,6330297
2022-09-08,197.45933532714844,220.77999877929688,225.0,220.69000244140625,220.9499969482422,4385848
2022-09-09,200.9652862548828,224.6999969482422,226.22000122070312,219.0800018310547,221.0,6319102
2022-09-13,200.7685089111328,224.47999572753903,227.3699951171875,222.8000030517578,225.66000366210935,6860738
2022-09-14,197.9244079589844,221.3000030517578,224.27999877929688,219.1000061035156,220.0,3796369
2022-09-15,200.86688232421875,224.58999633789065,227.44000244140625,221.1999969482422,222.5,7017713
2022-09-16,194.97299194335935,218.0,225.0399932861328,217.0,223.1000061035156,6040226
2022-09-19,197.45933532714844,220.77999877929688,225.0,217.0800018310547,218.0500030517578,5986268
2022-09-20,201.85964965820312,225.6999969482422,227.0,218.67999267578125,222.0,6178677
2022-09-21,198.8187713623047,222.3000030517578,226.5800018310547,220.5500030517578,224.5,5196594
2022-09-22,195.9746856689453,219.1199951171875,222.1000061035156,218.1499938964844,220.5,4686661
2022-09-23,197.5398406982422,220.8699951171875,223.1499938964844,218.0500030517578,218.57000732421875,4584707
2022-09-26,203.129638671875,227.1199951171875,230.5,218.5,218.5500030517578,8530322
2022-09-27,207.7177734375,232.25,233.5,224.22999572753903,228.13999938964844,8605361
2022-09-28,206.8323516845703,231.25999450683597,236.77999877929688,230.9600067138672,231.3000030517578,7910136
2022-09-29,206.5998077392578,231.0,234.6499938964844,229.30999755859372,234.0,4568522
2022-09-30,206.2957305908203,230.66000366210935,235.3000030517578,229.8300018310547,233.30999755859372,5293590
2022-10-10,188.09527587890625,210.30999755859372,230.0,209.97999572753903,229.0500030517578,14153833
2022-10-11,193.4972686767578,216.3500061035156,217.66000366210935,207.1999969482422,210.1699981689453,7967818
2022-10-12,190.590576171875,213.1000061035156,215.52999877929688,207.3800048828125,215.52999877929688,6915158
2022-10-13,187.73753356933597,209.91000366210935,214.5,208.55999755859372,212.2899932861328,6005697
2022-10-14,189.8035125732422,212.22000122070312,214.0,208.63999938964844,211.57000732421875,7881137
2022-10-17,185.9129943847656,207.8699951171875,212.8999938964844,205.3000030517578,212.1000061035156,8928716
2022-10-18,185.93983459472656,207.8999938964844,212.0200042724609,206.5,208.1000061035156,5627007
2022-10-19,175.85133361816406,196.6199951171875,206.8000030517578,194.5,205.9900054931641,15914429
2022-10-20,176.20907592773438,197.0200042724609,199.27999877929688,190.0200042724609,193.1000061035156,9282699
2022-10-21,171.69248962402344,191.97000122070312,196.88999938964844,190.2100067138672,195.1000061035156,8503696
2022-10-24,159.19813537597656,178.0,187.8800048828125,176.66000366210938,187.5500030517578,19402927
2022-10-25,157.39149475097656,175.97999572753906,179.8300018310547,173.57000732421875,174.00999450683594,16058430
2022-10-26,155.575927734375,173.9499969482422,178.25,173.0,177.02000427246094,13275624
2022-10-27,142.473388671875,159.3000030517578,175.9600067138672,158.0,174.6300048828125,29744138
2022-10-28,143.4035186767578,160.33999633789062,164.47999572753906,158.0,159.32000732421875,20415335
2022-10-31,139.83499145507812,156.35000610351562,160.85000610351562,155.17999267578125,158.50999450683594,12732302
2022-11-01,152.04315185546875,170.0,170.89999389648438,156.60000610351562,156.77000427246094,24578413
2022-11-02,156.45240783691406,174.92999267578125,179.5,168.0,169.6699981689453,21822499
2022-11-03,154.45794677734375,172.6999969482422,173.8300018310547,170.0500030517578,171.0500030517578,8844119
2022-11-04,164.34971618652344,183.75999450683597,187.4900054931641,172.0,172.3000030517578,17743900
2022-11-07,163.56268310546875,182.8800048828125,184.5,179.57000732421875,182.0,11519734
2022-11-08,160.08355712890625,178.99000549316406,184.6300048828125,176.60000610351562,182.3000030517578,12711606
2022-11-09,156.9622039794922,175.5,182.3000030517578,174.64999389648438,178.97000122070312,8399367
2022-11-10,158.58995056152344,177.32000732421875,177.8800048828125,173.52999877929688,174.08999633789062,8039611
2022-11-11,166.61245727539062,186.2899932861328,187.1000061035156,179.8000030517578,185.33999633789065,18773459
2022-11-14,163.81307983398438,183.16000366210935,191.0,182.22999572753903,187.0,13472827
2022-11-15,166.3531036376953,186.0,190.5,180.5,182.25,12081205
2022-11-16,166.505126953125,186.1699981689453,190.58999633789065,183.27999877929688,184.0,7906554
2022-11-17,163.6073760986328,182.92999267578125,187.47999572753903,180.42999267578125,185.0,10396297
2022-11-18,165.6644287109375,185.22999572753903,187.8800048828125,182.0500030517578,183.5,8880433
2022-11-21,158.9298095703125,177.6999969482422,182.8500061035156,175.72000122070312,182.7100067138672,10855660
2022-11-22,159.1086883544922,177.89999389648438,181.4499969482422,176.52999877929688,176.8000030517578,7165483
2022-11-23,158.3037567138672,177.0,178.82000732421875,174.10000610351562,176.5500030517578,5278560
2022-11-24,155.30760192871094,173.64999389648438,179.19000244140625,172.0,178.0,9027775
2022-11-25,155.0571746826172,173.3699951171875,174.5,170.8000030517578,173.64999389648438,5703511
2022-11-28,155.04823303222656,173.36000061035156,173.5,165.57000732421875,168.25999450683594,10889320
2022-11-29,166.2994384765625,185.94000244140625,186.1199951171875,175.4499969482422,178.0,21142673
2022-11-30,166.36204528808594,186.00999450683597,188.58999633789065,183.0500030517578,183.8300018310547,9208731
2022-12-01,174.75125122070312,195.38999938964844,204.57000732421875,194.00999450683597,195.30999755859372,20541553
2022-12-02,172.3990478515625,192.75999450683597,197.92999267578125,192.1999969482422,194.07000732421875,8575406
2022-12-05,175.8602752685547,196.6300048828125,200.72000122070312,194.17999267578125,197.1999969482422,11163997
2022-12-06,182.01353454589844,203.50999450683597,211.30999755859372,194.8000030517578,195.00999450683597,17026007
2022-12-07,183.09573364257807,204.72000122070312,209.3999938964844,199.67999267578125,202.8800048828125,11295772
2022-12-08,182.8095245361328,204.3999938964844,206.17999267578125,200.6499938964844,203.8000030517578,6466400
2022-12-09,190.393798828125,212.8800048828125,213.5,202.3999938964844,204.3999938964844,13666013
2022-12-12,186.4943389892578,208.5200042724609,216.6699981689453,208.38999938964844,212.58999633789065,9971887
2022-12-13,189.4904937744141,211.8699951171875,214.63999938964844,206.16000366210935,208.63999938964844,8829530
2022-12-14,197.3877868652344,220.6999969482422,223.4199981689453,209.2400054931641,211.5500030517578,13744792
2022-12-15,196.18038940429688,219.3500061035156,226.3999938964844,218.1199951171875,223.8800048828125,11510335
2022-12-16,199.4359130859375,222.9900054931641,223.94000244140625,218.00999450683597,218.5,8130338
2022-12-19,196.83328247070312,220.0800018310547,226.5,220.0,222.1199951171875,7629741
2022-12-20,186.92364501953125,209.0,219.88999938964844,207.0,219.66000366210935,16799972
2022-12-21,189.94662475585935,212.3800048828125,214.88999938964844,210.80999755859372,212.1000061035156,8033937
2022-12-22,194.3558654785156,217.30999755859372,221.97999572753903,213.5,215.0,9390996
2022-12-23,197.8170623779297,221.17999267578125,225.5,215.0200042724609,216.0,10267271
2022-12-26,194.5257873535156,217.5,223.0,217.0,221.27999877929688,7602209
2022-12-27,198.9887237548828,222.4900054931641,225.0,217.6100006103516,219.8999938964844,7251370
2022-12-28,200.6075134277344,224.3000030517578,225.25,219.6000061035156,221.50999450683597,8901144
2022-12-29,196.01937866210935,219.1699981689453,222.3000030517578,217.17999267578125,222.05999755859372,8077456
2022-12-30,200.58963012695312,224.27999877929688,226.0,220.0,220.0,9934351
2023-01-03,196.6365203857422,219.8600006103516,225.27999877929688,217.7899932861328,224.0,9238152
2023-01-04,197.65609741210935,221.0,224.19000244140625,218.1999969482422,220.0,6892060
2023-01-05,209.81060791015625,234.58999633789065,236.88999938964844,223.25,223.7700042724609,13553908
2023-01-06,209.7927398681641,234.57000732421875,236.2100067138672,230.6300048828125,234.58999633789065,10003539
2023-01-09,213.27183532714844,238.4600067138672,241.8999938964844,232.3999938964844,234.57000732421875,10608196
2023-01-10,213.75477600097656,239.0,241.97000122070312,236.41000366210935,238.4499969482422,6772071
2023-01-11,211.96603393554688,237.0,239.57000732421875,235.5800018310547,238.0,7299567
2023-01-12,211.66197204589844,236.66000366210935,241.77999877929688,235.6000061035156,238.33999633789065,5897121
2023-01-13,218.49496459960935,244.3000030517578,245.0,236.3000030517578,236.6699981689453,12072178
2023-01-16,225.3816070556641,252.0,257.989990234375,246.0,246.72999572753903,12592279
2023-01-17,222.7074432373047,249.00999450683597,255.1199951171875,246.4900054931641,252.00999450683597,9806406
2023-01-18,220.4625701904297,246.5,253.6000061035156,245.25,250.0,7766295
2023-01-19,221.2496337890625,247.3800048828125,250.3000030517578,242.5,246.6000061035156,7325245
2023-01-20,221.6252593994141,247.8000030517578,253.3999938964844,246.6499938964844,248.6499938964844,8019829
2023-01-30,222.9042053222656,249.22999572753903,254.5800018310547,240.0,253.50999450683597,9945203
2023-01-31,211.96603393554688,237.0,249.0,235.0800018310547,249.0,11300743
2023-02-01,213.28970336914065,238.47999572753903,239.9199981689453,233.82000732421875,236.5,10290565
2023-02-02,213.77267456054688,239.0200042724609,241.9900054931641,235.1699981689453,240.02999877929688,7121257
2023-02-03,210.44561767578125,235.3000030517578,236.6000061035156,228.5,236.0,10920147
2023-02-06,209.30975341796875,234.02999877929688,234.8699951171875,224.2400054931641,230.0,11208688
2023-02-07,208.29910278320312,232.8999938964844,238.3000030517578,231.80999755859372,236.00999450683597,6683255
2023-02-08,207.64622497558597,232.1699981689453,234.67999267578125,230.1199951171875,233.8699951171875,4824898
2023-02-09,216.05332946777344,241.57000732421875,242.5,230.3000030517578,231.4900054931641,11714427
2023-02-10,220.9097595214844,247.0,248.02999877929688,240.2100067138672,241.7100067138672,8919606
2023-02-13,233.07321166992188,260.6000061035156,265.9800109863281,249.1199951171875,252.0,15441549
2023-02-14,225.40843200683597,252.02999877929688,261.0,251.3999938964844,259.6000061035156,11272200
2023-02-15,224.1294860839844,250.6000061035156,257.8500061035156,249.3999938964844,253.0,8850987
2023-02-16,223.5928649902344,250.0,254.8000030517578,247.2100067138672,251.0,10505653
2023-02-17,224.8449859619141,251.3999938964844,257.5799865722656,248.9900054931641,249.0,14522887
2023-02-20,230.51528930664065,257.739990234375,258.25,248.8800048828125,251.7700042724609,10052139
2023-02-21,227.554931640625,254.42999267578125,259.0,251.3000030517578,257.5,6822068
2023-02-22,225.72146606445312,252.3800048828125,256.5,252.0,252.9199981689453,5193205
2023-02-23,224.91653442382807,251.47999572753903,255.17999267578125,249.4900054931641,251.33999633789065,6020176
2023-02-24,222.34075927734372,248.6000061035156,250.88999938964844,243.33999633789065,249.1000061035156,8506948
2023-02-27,224.66612243652344,251.1999969482422,255.0,246.0,246.6199951171875,7131391
2023-02-28,223.5928649902344,250.0,253.8000030517578,247.6999969482422,252.1999969482422,4568297
2023-03-01,228.3151397705078,255.27999877929688,255.88999938964844,247.3300018310547,250.6999969482422,7141967
2023-03-02,228.0289459228516,254.9600067138672,256.489990234375,253.3999938964844,255.2700042724609,3895274
2023-03-03,227.61752319335935,254.5,259.5199890136719,253.0500030517578,256.6600036621094,4813749
2023-03-06,225.7125244140625,252.3699951171875,258.0,250.02999877929688,253.0200042724609,6508410
2023-03-07,221.26751708984372,247.3999938964844,252.17999267578125,246.6999969482422,252.0,5866549
2023-03-08,218.0477752685547,243.8000030517578,248.5200042724609,242.00999450683597,246.0,4749946
2023-03-09,217.3143768310547,242.97999572753903,245.1999969482422,239.0,243.7400054931641,4756441
2023-03-10,212.842529296875,237.97999572753903,244.5,237.1000061035156,241.16000366210935,4577525
2023-03-13,218.8795318603516,244.72999572753903,248.4499969482422,238.0,238.25,5592884
2023-03-14,215.09634399414065,240.5,244.6699981689453,236.3300018310547,244.6499938964844,4661381
2023-03-15,211.8587188720703,236.8800048828125,245.66000366210935,236.67999267578125,245.6000061035156,4445057
2023-03-16,211.9481506347656,236.97999572753903,243.0,232.94000244140625,236.0,5452615
2023-03-17,210.82125854492188,235.72000122070312,244.0399932861328,233.4900054931641,243.5,6587781
2023-03-20,206.5998077392578,231.0,235.0,227.3999938964844,235.0,6603761
2023-03-21,215.1410675048828,240.5500030517578,242.1999969482422,230.8999938964844,232.0,9535382
2023-03-22,216.3395233154297,241.88999938964844,246.8999938964844,240.0500030517578,240.0500030517578,6578756
2023-03-23,218.26242065429688,244.0399932861328,249.5,240.5500030517578,241.8800048828125,6741219
2023-03-24,219.7023468017578,245.6499938964844,249.4900054931641,242.0,243.0,5420078
2023-03-27,216.6078338623047,242.19000244140625,246.4499969482422,236.6100006103516,246.4499969482422,5661713
2023-03-28,222.4570159912109,248.72999572753903,250.5500030517578,242.0,242.0,6380894
2023-03-29,226.79470825195312,253.5800018310547,255.1499938964844,249.8000030517578,252.0,6944860
2023-03-30,229.4420623779297,256.5400085449219,259.9700012207031,251.3000030517578,253.5800018310547,6569127
2023-03-31,227.8769073486328,254.7899932861328,260.79998779296875,253.5,256.5400085449219,5445078
2023-04-03,227.4297332763672,254.2899932861328,258.8299865722656,253.58999633789065,255.1999969482422,5583392
2023-04-04,231.84793090820312,259.2300109863281,259.6600036621094,251.6100006103516,253.5500030517578,6833299
2023-04-06,223.62863159179688,250.0399932861328,259.0,248.1000061035156,258.0,6392120
2023-04-07,222.6985015869141,249.0,253.72000122070312,245.8000030517578,248.0,5103385
2023-04-10,221.35693359375,247.5,248.32000732421875,229.30999755859372,246.0200042724609,12535893
2023-04-11,213.745849609375,238.9900054931641,245.4900054931641,237.8000030517578,245.0,9188248
2023-04-12,208.5585021972656,233.19000244140625,239.3600006103516,232.25999450683597,239.0,8177404
2023-04-13,209.55123901367188,234.3000030517578,235.7700042724609,230.0800018310547,232.8000030517578,6488606
2023-04-14,205.302978515625,229.5500030517578,235.7700042724609,228.8800048828125,234.27999877929688,6264920
2023-04-17,208.7642059326172,233.4199981689453,239.4900054931641,231.0,231.0200042724609,8689856
2023-04-18,209.3544769287109,234.0800018310547,237.5800018310547,232.3000030517578,233.2899932861328,7195574
2023-04-19,207.57467651367188,232.08999633789065,234.5,229.66000366210935,233.8999938964844,4393229
2023-04-20,205.2582550048828,229.5,233.4900054931641,226.1999969482422,232.16000366210935,4693860
2023-04-21,204.9183807373047,229.1199951171875,232.6499938964844,228.1199951171875,229.5,3953400
2023-04-24,198.32687377929688,221.75,228.5,220.00999450683597,228.0,8091053
2023-04-25,201.6986541748047,225.5200042724609,225.8800048828125,218.94000244140625,221.75,7862192
2023-04-26,201.77915954589844,225.6100006103516,227.72000122070312,221.5,224.30999755859372,5696182
2023-04-27,201.71652221679688,225.5399932861328,228.8800048828125,221.1000061035156,225.0,6706405
2023-04-28,202.34262084960935,226.2400054931641,228.9900054931641,224.0500030517578,226.7899932861328,7625590
2023-05-04,197.8170623779297,221.17999267578125,234.0,219.25999450683597,232.57000732421875,9033291
2023-05-05,200.15139770507807,223.7899932861328,224.5,218.52999877929688,220.6199951171875,6651739
2023-05-08,198.8187713623047,222.3000030517578,226.8800048828125,221.17999267578125,223.5500030517578,4683978
2023-05-09,197.8796844482422,221.25,225.1999969482422,215.3000030517578,220.5800018310547,6180177
2023-05-10,194.75833129882807,217.75999450683597,220.88999938964844,215.8300018310547,220.88999938964844,4744833
2023-05-11,193.17530822753903,215.9900054931641,219.75999450683597,215.5,218.5,3716403
2023-05-12,191.23452758789065,213.82000732421875,218.1000061035156,213.47999572753903,215.8999938964844,4874049
2023-05-15,193.0769195556641,215.8800048828125,216.47999572753903,212.1999969482422,213.1000061035156,4468608
2023-05-16,190.50112915039065,213.0,217.0,211.8800048828125,217.0,4887294
2023-05-17,187.8180084228516,210.0,213.9499969482422,209.0,213.0,4974390
2023-05-18,185.4658203125,207.3699951171875,210.8999938964844,206.5,209.19000244140625,5516631
2023-05-19,190.63528442382807,213.1499938964844,214.2400054931641,204.2899932861328,206.82000732421875,7190120
2023-05-22,200.3392333984375,224.0,228.0,212.1699981689453,212.6000061035156,12186341
2023-05-23,197.3877868652344,220.6999969482422,226.3000030517578,219.5,222.0,5546543
2023-05-24,194.7225646972656,217.72000122070312,222.9900054931641,217.6999969482422,220.1300048828125,4707597
2023-05-25,193.7208709716797,216.6000061035156,218.8800048828125,213.3500061035156,215.8000030517578,4919075
2023-05-26,191.51177978515625,214.1300048828125,221.0,212.3000030517578,217.5,5402206
2023-05-29,191.3597412109375,213.9600067138672,216.19000244140625,212.3600006103516,214.1100006103516,5530168
2023-05-30,187.6033477783203,209.75999450683597,215.8800048828125,208.0,214.0,6234920
2023-05-31,182.47862243652344,204.02999877929688,208.9900054931641,201.9199981689453,207.3600006103516,9628029
2023-06-01,185.60890197753903,207.52999877929688,214.19000244140625,204.4499969482422,204.97999572753903,8547942
2023-06-02,189.8035125732422,212.22000122070312,213.3800048828125,205.5500030517578,208.55999755859372,6080678
2023-06-05,184.9202423095703,206.75999450683597,211.9600067138672,205.0,211.0,6901918
2023-06-06,186.91470336914065,208.9900054931641,213.8699951171875,204.8500061035156,207.3500061035156,7787865
2023-06-07,183.59657287597656,205.27999877929688,211.97999572753903,205.00999450683597,210.0,5446652
2023-06-08,184.50885009765625,206.3000030517578,207.8800048828125,202.58999633789065,204.9900054931641,5363111
2023-06-09,184.18685913085935,205.94000244140625,209.5800018310547,204.97999572753903,207.2700042724609,6444914
2023-06-12,194.2574920654297,217.1999969482422,220.0,205.1199951171875,205.25,10927202
2023-06-13,197.5666656494141,220.8999938964844,223.4600067138672,216.0,216.5,6972364
2023-06-14,204.09556579589844,228.1999969482422,231.19000244140625,222.0,222.0,10802384
2023-06-15,206.1526336669922,230.5,232.97000122070312,227.0,228.5,8681782
2023-06-16,208.0308074951172,232.6000061035156,236.0,229.97000122070312,232.0,6320829
2023-06-19,202.18161010742188,226.05999755859372,234.5,222.77999877929688,232.0,9877368
2023-06-20,198.00489807128903,221.38999938964844,226.75,219.57000732421875,225.97000122070312,6988746
2023-06-21,196.6722869873047,219.8999938964844,224.3600006103516,219.66000366210935,220.82000732421875,5598168
2023-06-26,190.0181579589844,212.4600067138672,217.32000732421875,210.02999877929688,217.32000732421875,7254056
2023-06-27,195.16973876953125,218.22000122070312,218.8000030517578,209.1000061035156,212.4600067138672,7528472
2023-06-28,194.8477783203125,217.8600006103516,221.1999969482422,214.52999877929688,216.52999877929688,5829190
2023-06-29,189.84825134277344,212.2700042724609,219.8500061035156,211.5500030517578,218.0,5481918
2023-06-30,187.43344116210935,209.57000732421875,212.97999572753903,208.1100006103516,211.30999755859372,7141578
2023-07-03,194.97299194335935,218.0,219.2400054931641,206.1300048828125,209.0,8836252
2023-07-04,197.5219573974609,220.8500061035156,221.5,215.67999267578125,218.0,5978460
2023-07-05,192.03944396972656,214.72000122070312,220.8500061035156,213.16000366210935,220.0,5401112
2023-07-06,190.21490478515625,212.67999267578125,217.69000244140625,212.1699981689453,213.9900054931641,3535368
2023-07-07,189.02540588378903,211.3500061035156,213.67999267578125,210.1499938964844,212.0200042724609,3618420
2023-07-10,190.50112915039065,213.0,216.5800018310547,212.1000061035156,214.3500061035156,3977822
2023-07-11,189.99131774902344,212.42999267578125,214.4900054931641,210.3000030517578,214.2400054931641,3355463
2023-07-12,191.2613525390625,213.8500061035156,215.6100006103516,211.80999755859372,212.42999267578125,3829705
2023-07-13,203.2459259033203,227.25,227.8699951171875,215.8000030517578,215.9900054931641,10443162
2023-07-14,204.8021240234375,228.9900054931641,229.9900054931641,225.32000732421875,228.3600006103516,5025760
2023-07-17,199.4359130859375,222.9900054931641,227.2100067138672,220.22000122070312,227.1300048828125,4873006
2023-07-18,198.8187713623047,222.3000030517578,224.0,220.8800048828125,223.9900054931641,2988277
2023-07-19,197.7902374267578,221.1499938964844,222.97000122070312,218.6999969482422,221.0,4043415
2023-07-20,198.7651214599609,222.2400054931641,227.3600006103516,221.69000244140625,222.77999877929688,5904047
2023-07-21,202.97760009765625,226.9499969482422,230.3000030517578,220.4900054931641,222.30999755859372,7107610
2023-07-24,199.50743103027344,223.07000732421875,227.4900054931641,221.02999877929688,226.0200042724609,5227138
2023-07-25,213.5401306152344,238.75999450683597,240.72000122070312,234.22000122070312,234.22000122070312,13488695
2023-07-26,212.59210205078125,237.6999969482422,241.7700042724609,235.0,238.1100006103516,7372092
2023-07-27,214.44346618652344,239.7700042724609,244.3000030517578,235.8999938964844,237.72999572753903,7609299
2023-07-28,219.09417724609372,244.97000122070312,246.2100067138672,238.0,238.50999450683597,9510828
2023-07-31,215.6419219970703,241.1100006103516,254.8000030517578,240.9900054931641,247.0,10613901
2023-08-01,212.49371337890625,237.58999633789065,243.47000122070312,236.8000030517578,240.41000366210935,7081244
2023-08-02,212.3416748046875,237.4199981689453,240.5,235.6699981689453,236.3999938964844,4147739
2023-08-03,212.75308227539065,237.8800048828125,239.5200042724609,234.5,237.3500061035156,4575146
2023-08-04,214.5597076416016,239.8999938964844,243.44000244140625,238.8000030517578,242.0,5382400
2023-08-07,210.3651123046875,235.2100067138672,238.47999572753903,233.88999938964844,237.5,5693102
2023-08-08,210.9822235107422,235.8999938964844,237.91000366210935,233.0399932861328,234.9900054931641,3884026
2023-08-09,212.234375,237.3000030517578,237.7700042724609,234.5,235.00999450683597,4036682
2023-08-10,211.96603393554688,237.0,238.4199981689453,234.52999877929688,236.5,4115066
2023-08-11,208.10235595703125,232.67999267578125,239.30999755859372,232.67999267578125,238.8999938964844,4147354
2023-08-14,205.6159820556641,229.8999938964844,230.30999755859372,225.6000061035156,230.0,4943138
2023-08-15,205.106201171875,229.3300018310547,232.08999633789065,227.16000366210935,232.08999633789065,3135484
2023-08-16,205.4192352294922,229.67999267578125,231.58999633789065,227.32000732421875,228.00999450683597,2932687
2023-08-17,210.2399139404297,235.07000732421875,235.1199951171875,227.1199951171875,228.27999877929688,4336506
2023-08-18,205.4371337890625,229.6999969482422,235.2899932861328,229.5800018310547,235.0,4139405
2023-08-21,204.72161865234372,228.8999938964844,232.67999267578125,226.0800018310547,228.0200042724609,3765777
2023-08-22,204.65904235839844,228.8300018310547,230.8699951171875,225.8000030517578,230.2400054931641,4746465
2023-08-23,200.7685089111328,224.47999572753903,229.41000366210935,224.47999572753903,228.8300018310547,4059179
2023-08-24,208.6568756103516,233.3000030517578,235.1000061035156,224.1100006103516,225.8699951171875,7067245
2023-08-25,207.13644409179688,231.6000061035156,233.8300018310547,229.6000061035156,233.3000030517578,4925393
2023-08-28,207.969970703125,228.2899932861328,241.47000122070312,226.19000244140625,240.5,9000703
2023-08-29,213.0351104736328,233.8500061035156,235.47999572753903,228.4900054931641,229.0,6640487
2023-08-30,212.49761962890625,233.25999450683597,235.8000030517578,233.0200042724609,235.5200042724609,5196311
2023-08-31,211.62307739257807,232.3000030517578,235.0,232.0200042724609,234.22999572753903,3831586
2023-09-01,216.63351440429688,237.8000030517578,241.1999969482422,236.0,236.47000122070312,6076764
2023-09-04,219.712646484375,241.17999267578125,245.0,239.22999572753903,240.5399932861328,7420132
2023-09-05,216.8885955810547,238.0800018310547,242.47000122070312,237.6000061035156,239.88999938964844,4766435
2023-09-06,216.89768981933597,238.08999633789065,238.97999572753903,236.5,237.50999450683597,2682478
2023-09-07,212.780029296875,233.57000732421875,238.08999633789065,232.5,237.91000366210935,4760734
2023-09-08,212.5340576171875,233.3000030517578,234.8800048828125,231.5,232.9900054931641,2747014
2023-09-11,214.43801879882807,235.38999938964844,237.5,232.0,232.6699981689453,4269187
2023-09-12,212.34274291992188,233.08999633789065,235.66000366210935,232.00999450683597,235.0200042724609,3279212
2023-09-13,211.55929565429688,232.22999572753903,236.1999969482422,231.00999450683597,234.97999572753903,3640881
2023-09-14,211.5684051513672,232.2400054931641,233.69000244140625,231.1000061035156,232.2899932861328,2786985
2023-09-15,206.430419921875,226.6000061035156,234.1199951171875,225.7100067138672,232.9900054931641,6947380
2023-09-18,207.09544372558597,227.3300018310547,228.8000030517578,224.17999267578125,225.0,5673193
2023-09-19,207.1501007080078,227.38999938964844,227.6499938964844,223.8000030517578,226.5,3820160
2023-09-20,206.93145751953125,227.1499938964844,227.9600067138672,226.0500030517578,227.0,2582861
2023-09-21,201.03733825683597,220.67999267578125,227.2400054931641,220.6199951171875,226.5500030517578,5715886
2023-09-22,206.7948303222656,227.0,227.9900054931641,220.2100067138672,221.8999938964844,5836218
2023-09-25,205.24612426757807,225.3000030517578,228.0,224.0800018310547,227.9499969482422,3590723
2023-09-26,202.64068603515625,222.44000244140625,226.17999267578125,221.80999755859372,224.25999450683597,3409454
2023-09-27,202.340087890625,222.1100006103516,225.1000061035156,220.3999938964844,222.9900054931641,4023652
2023-09-28,197.36605834960935,216.6499938964844,223.8800048828125,216.0,222.97999572753903,7090457
2023-10-09,195.8173675537109,214.9499969482422,216.6000061035156,210.33999633789065,216.1999969482422,6499790
2023-10-10,192.483154296875,211.2899932861328,218.8000030517578,210.41000366210935,218.58999633789065,7675118
2023-10-11,191.4264068603516,210.1300048828125,213.8600006103516,209.25,212.8999938964844,4977156
2023-10-12,191.28976440429688,209.97999572753903,213.47999572753903,209.1999969482422,213.0,4574850
2023-10-13,186.88966369628903,205.1499938964844,208.6699981689453,203.41000366210935,208.6699981689453,8832665
2023-10-16,185.33187866210935,203.44000244140625,206.3300018310547,202.0500030517578,203.1000061035156,5175580
2023-10-17,185.6962890625,203.83999633789065,205.3800048828125,201.0,203.8999938964844,5192192
2023-10-18,186.0333404541016,204.2100067138672,208.38999938964844,202.5,203.0,5099166
2023-10-19,180.2030029296875,197.80999755859372,203.0,197.0,202.00999450683597,8627754
2023-10-20,179.46510314941406,197.0,200.5,196.22000122070312,196.9199981689453,4915478
2023-10-23,180.00257873535156,197.58999633789065,201.3000030517578,195.41000366210935,197.0,5097095
2023-10-24,181.10487365722656,198.8000030517578,200.7700042724609,195.22000122070312,197.6999969482422,5649912
2023-10-25,187.7095642089844,206.0500030517578,208.44000244140625,204.0500030517578,208.0,9021455
2023-10-26,187.7186584472656,206.05999755859372,207.25,203.5,205.57000732421875,5373854
2023-10-27,190.3605499267578,208.9600067138672,209.8800048828125,205.1999969482422,206.0,5851674
2023-10-30,192.3647308349609,211.16000366210935,212.0,208.91000366210935,209.6000061035156,6211247
2023-10-31,195.5076446533203,214.6100006103516,218.1000061035156,211.6999969482422,214.5,7293514
2023-11-01,202.17608642578125,221.92999267578125,229.3000030517578,220.0200042724609,228.6000061035156,13943438
2023-11-02,198.99673461914065,218.44000244140625,224.8000030517578,218.44000244140625,222.0,5770867
2023-11-03,201.58395385742188,221.27999877929688,222.0,217.02999877929688,218.0200042724609,4608450
2023-11-06,200.9644775390625,220.6000061035156,224.8000030517578,218.55999755859372,222.0,5606272
2023-11-07,200.1901397705078,219.75,220.58999633789065,217.0,220.0,3904918
2023-11-08,197.59381103515625,216.8999938964844,219.83999633789065,215.1999969482422,219.0,6574031
2023-11-09,196.52793884277344,215.72999572753903,217.6300048828125,214.5,216.0,3710249
2023-11-10,193.19374084472656,212.07000732421875,214.67999267578125,210.72999572753903,213.52999877929688,4952663
2023-11-13,190.58831787109372,209.2100067138672,212.9900054931641,207.3699951171875,212.8699951171875,5559436
2023-11-14,190.92535400390625,209.5800018310547,210.5,208.32000732421875,208.82000732421875,3756805
2023-11-15,193.03884887695312,211.8999938964844,214.0,210.8800048828125,213.0,5432677
2023-11-16,191.89100646972656,210.63999938964844,213.17999267578125,209.8000030517578,211.9199981689453,3151283
2023-11-17,189.75929260253903,208.3000030517578,210.5800018310547,206.75,209.52999877929688,4627906
2023-11-20,190.27854919433597,208.8699951171875,210.44000244140625,205.7100067138672,208.19000244140625,4185619
2023-11-21,194.104736328125,213.07000732421875,215.0800018310547,207.1000061035156,210.8000030517578,7252392
2023-11-22,191.99122619628903,210.75,213.42999267578125,210.1000061035156,211.4900054931641,3030051
2023-11-23,191.03468322753903,209.6999969482422,210.9900054931641,207.9900054931641,210.00999450683597,3528803
2023-11-24,191.63592529296875,210.3600006103516,210.92999267578125,208.3300018310547,209.6000061035156,3427614
2023-11-27,188.1195068359375,206.5,210.3600006103516,205.0,209.8000030517578,5174405
2023-11-28,187.93731689453125,206.3000030517578,207.9499969482422,204.8699951171875,206.1499938964844,4487087
2023-11-29,187.07188415527344,205.3500061035156,206.4900054931641,201.8999938964844,206.25,4763099
2023-11-30,189.03048706054688,207.5,208.0,204.77999877929688,206.0,3965417
2023-12-01,184.02005004882807,202.0,207.1999969482422,201.27999877929688,207.00999450683597,7351532
2023-12-04,180.767822265625,198.42999267578125,202.1999969482422,197.1199951171875,202.05999755859372,6222750
2023-12-05,175.4658660888672,192.6100006103516,197.9900054931641,192.0,197.9900054931641,7684263
2023-12-06,174.4273223876953,191.47000122070312,194.3999938964844,191.1100006103516,191.83999633789065,6104318
2023-12-07,172.17718505859375,189.0,192.8000030517578,187.07000732421875,191.1100006103516,8064110
2023-12-08,173.0881805419922,190.0,192.22999572753903,188.1000061035156,188.3600006103516,7039503
2023-12-11,165.39031982421875,181.5500030517578,184.0,174.02999877929688,183.0,19106023
2023-12-12,168.04129028320312,184.4600067138672,185.3500061035156,180.41000366210935,180.97000122070312,10652080
2023-12-13,158.78562927246094,174.3000030517578,184.8699951171875,174.05999755859375,184.2700042724609,17463383
2023-12-14,154.4310760498047,169.52000427246094,177.0,169.05999755859375,176.0,15917700
2023-12-15,156.73590087890625,172.0500030517578,176.60000610351562,170.10000610351562,170.5,12677677
2023-12-18,157.3826904296875,172.75999450683594,174.8000030517578,169.60000610351562,171.0,7740113
2023-12-19,156.74501037597656,172.05999755859375,173.3000030517578,169.02000427246094,172.5,6964525
2023-12-20,154.24888610839844,169.32000732421875,173.82000732421875,169.1999969482422,172.05999755859375,6675279
2023-12-21,155.5607147216797,170.75999450683594,172.1999969482422,168.0,168.00999450683594,8313829
2023-12-22,155.30563354492188,170.47999572753906,172.8000030517578,169.14999389648438,170.5,7263875
2023-12-25,157.68333435058594,173.08999633789062,173.1199951171875,169.86000061035156,169.86000061035156,6259911
2023-12-26,155.90689086914062,171.13999938964844,173.66000366210938,169.64999389648438,173.0,5284133
2023-12-27,155.1143341064453,170.27000427246094,172.0,169.61000061035156,171.22999572753906,5289989
2023-12-28,163.513671875,179.49000549316406,181.3699951171875,169.74000549316406,171.0,14550131
2023-12-29,163.44989013671875,179.4199981689453,181.8800048828125,178.5,179.4600067138672,7837028
2024-01-02,157.48289489746094,172.8699951171875,179.35000610351562,172.22000122070312,179.35000610351562,11708435
2024-01-03,155.4149627685547,170.60000610351562,173.9600067138672,169.08999633789062,172.41000366210938,8530447
2024-01-04,150.31341552734375,165.0,170.55999755859375,163.8000030517578,170.11000061035156,12494978
2024-01-05,148.58251953125,163.10000610351562,166.8000030517578,162.97999572753906,164.0,8059837
2024-01-08,145.9042205810547,160.16000366210938,165.27000427246094,160.02000427246094,162.72000122070312,8093736
2024-01-09,145.57626342773438,159.8000030517578,161.6999969482422,157.80999755859375,160.60000610351562,7767000
2024-01-10,146.2230682373047,160.50999450683594,163.8800048828125,157.8000030517578,159.0,7106873
2024-01-11,147.36180114746094,161.75999450683594,163.0,158.3300018310547,160.3000030517578,7432187
2024-01-12,145.2847442626953,159.47999572753906,161.85000610351562,158.75,161.0,7058674
2024-01-15,144.1642303466797,158.25,160.27999877929688,157.30999755859375,158.72999572753906,8316494
2024-01-16,144.5741729736328,158.6999969482422,160.5,157.14999389648438,158.0,7218562
2024-01-17,140.11032104492188,153.8000030517578,158.41000366210938,153.8000030517578,158.27000427246094,10084599
2024-01-18,142.6884307861328,156.6300048828125,156.8800048828125,152.00999450683594,153.0,8876219
2024-01-19,143.7542724609375,157.8000030517578,158.5,155.0800018310547,156.6300048828125,7425837
2024-01-22,140.48382568359375,154.2100067138672,157.9600067138672,153.5,157.88999938964844,7862988
2024-01-23,139.909912109375,153.5800018310547,155.99000549316406,152.25999450683594,153.22999572753906,7641537
2024-01-24,138.2336883544922,151.74000549316406,154.3300018310547,148.0500030517578,153.99000549316406,12776821
2024-01-25,141.93231201171875,155.8000030517578,156.3000030517578,150.1999969482422,151.0,12170797
2024-01-26,141.3674774169922,155.17999267578125,157.5,153.75,155.0800018310547,8520034
2024-01-29,142.88885498046875,156.85000610351562,160.94000244140625,155.22999572753906,155.3000030517578,10911918
2024-01-30,136.6485595703125,150.0,156.13999938964844,149.14999389648438,156.00999450683594,10044721
2024-01-31,133.73338317871094,146.8000030517578,150.69000244140625,146.69000244140625,149.5,8983556
2024-02-01,133.851806640625,146.92999267578125,148.8000030517578,146.3699951171875,146.80999755859375,8038203
2024-02-02,131.37391662597656,144.2100067138672,148.9499969482422,140.00999450683594,147.4600067138672,10827629
2024-02-05,131.84764099121094,144.72999572753906,147.00999450683594,141.13999938964844,142.52000427246094,12918892
2024-02-06,139.79147338867188,153.4499969482422,153.66000366210938,143.19000244140625,143.97999572753906,14421104
2024-02-07,141.93231201171875,155.8000030517578,156.85000610351562,152.8300018310547,155.69000244140625,13747038
2024-02-08,139.9827880859375,153.66000366210938,157.47000122070312,152.1999969482422,156.5399932861328,11505068
2024-02-19,141.3401336669922,155.14999389648438,160.5,153.5800018310547,160.0,11972115
2024-02-20,139.7185821533203,153.3699951171875,156.32000732421875,151.00999450683594,154.9499969482422,9012011
2024-02-21,148.5460968017578,163.05999755859375,165.8699951171875,151.52999877929688,152.4499969482422,16941646
2024-02-22,150.6778106689453,165.39999389648438,165.8000030517578,160.60000610351562,161.00999450683594,10783604
2024-02-23,153.95738220214844,169.0,171.8000030517578,162.9499969482422,164.97000122070312,12765675
2024-02-26,154.26710510253906,169.33999633789062,173.88999938964844,167.50999450683594,168.5800018310547,10554916
2024-02-27,154.7954864501953,169.9199981689453,170.2899932861328,167.13999938964844,168.50999450683594,6900187
2024-02-28,154.2306671142578,169.3000030517578,173.60000610351562,169.00999450683594,171.0,8642338
2024-02-29,160.10655212402344,175.75,175.88999938964844,168.00999450683594,168.5800018310547,9594209
2024-03-01,160.1703338623047,175.82000732421875,177.5,173.4499969482422,175.75999450683594,6044708
2024-03-04,155.4149627685547,170.60000610351562,175.75,169.77000427246094,174.58999633789062,9553057
2024-03-05,157.14584350585938,172.5,172.91000366210938,169.3300018310547,170.25999450683594,7689984
2024-03-06,153.71141052246094,168.72999572753906,172.9600067138672,168.49000549316406,172.47999572753906,7504580
2024-03-07,152.3722381591797,167.25999450683594,169.97000122070312,166.72000122070312,169.14999389648438,5243799
2024-03-08,151.0695343017578,165.8300018310547,168.47999572753906,163.52000427246094,167.44000244140625,6994242
2024-03-11,157.51022338867188,172.89999389648438,173.0,166.10000610351562,166.7100067138672,10423939
2024-03-12,169.4168701171875,185.97000122070312,187.3500061035156,173.5,174.4199981689453,18061801
2024-03-13,169.04336547851562,185.55999755859372,188.47999572753903,183.6300048828125,185.0,10430650
2024-03-14,170.3734130859375,187.0200042724609,190.3999938964844,183.0200042724609,184.97999572753903,12137680
2024-03-15,170.9018096923828,187.6000061035156,191.7899932861328,185.7100067138672,186.8699951171875,7671098
2024-03-18,169.62640380859375,186.1999969482422,189.8500061035156,184.3000030517578,189.77999877929688,8414044
2024-03-19,173.76231384277344,190.7400054931641,191.72999572753903,184.02999877929688,185.30999755859372,11043440
2024-03-20,172.35939025878906,189.1999969482422,191.3699951171875,188.5500030517578,189.00999450683597,6526747
2024-03-21,173.36146545410156,190.3000030517578,194.3000030517578,188.58999633789065,190.2100067138672,6164273
2024-03-22,166.83877563476562,183.13999938964844,189.9900054931641,181.80999755859372,189.3300018310547,9547988
2024-03-25,166.8934326171875,183.1999969482422,185.0200042724609,179.72999572753906,182.5,7152988
2024-03-26,170.63760375976562,187.30999755859372,188.47999572753903,182.5,183.0,6833244
2024-03-27,168.03216552734375,184.4499969482422,188.1999969482422,184.00999450683597,188.17999267578125,4560896
2024-03-28,168.58787536621094,185.05999755859372,187.66000366210935,183.22999572753903,184.00999450683597,4942679
2024-03-29,168.1597137451172,184.58999633789065,186.8800048828125,183.25999450683597,185.0500030517578,2010996
2024-04-01,174.3179931640625,191.3500061035156,195.0,185.97999572753903,185.9900054931641,9172029
2024-04-02,173.97183227539062,190.97000122070312,193.5,190.17999267578125,192.8999938964844,5921008
2024-04-03,175.42942810058594,192.57000732421875,195.9900054931641,190.5,193.0,5712241
2024-04-08,164.25155639648438,180.3000030517578,190.5,180.17999267578125,190.5,13822713
2024-04-09,162.3293914794922,178.19000244140625,182.75999450683597,177.77000427246094,180.0,6885682
2024-04-10,160.06100463867188,175.6999969482422,178.8800048828125,173.72999572753906,178.00999450683594,7959042
2024-04-11,162.3749237060547,178.24000549316406,179.5,173.33999633789062,175.00999450683594,7182692
2024-04-12,155.65182495117188,170.86000061035156,179.8800048828125,170.5,177.97000122070312,8887567
2024-04-15,164.8345947265625,180.94000244140625,181.5800018310547,171.0,171.0,10051216
2024-04-16,160.60760498046875,176.3000030517578,180.67999267578125,176.0,180.6000061035156,5798073
2024-04-17,161.15419006347656,176.89999389648438,177.8000030517578,174.61000061035156,176.00999450683594,4694972
2024-04-18,162.3293914794922,178.19000244140625,181.77999877929688,174.05999755859375,176.60000610351562,5822460
2024-04-19,160.04278564453125,175.67999267578125,177.47000122070312,174.02000427246094,176.0500030517578,5599170
2024-04-22,162.3476104736328,178.2100067138672,181.4900054931641,176.0,177.0,7078999
2024-04-23,164.88926696777344,181.0,181.47000122070312,176.35000610351562,178.10000610351562,7443226
2024-04-24,165.88223266601562,182.08999633789065,182.97999572753903,180.0500030517578,181.92999267578125,6762313
2024-04-25,163.95094299316406,179.97000122070312,182.3000030517578,178.24000549316406,181.05999755859372,5464423
2024-04-26,169.8268280029297,186.4199981689453,187.8000030517578,179.97999572753906,180.0,8698726
2024-04-29,172.17718505859375,189.0,194.67999267578125,184.22000122070312,189.9499969482422,15696298
2024-04-30,169.53530883789062,186.1000061035156,192.02999877929688,186.08999633789065,189.0,8067781
2024-05-06,176.3221893310547,193.5500030517578,197.7100067138672,188.66000366210935,188.66000366210935,15205669
2024-05-07,176.38595581054688,193.6199951171875,194.2700042724609,190.8800048828125,193.55999755859372,7435621
2024-05-08,173.97183227539062,190.97000122070312,194.1999969482422,189.6000061035156,193.6300048828125,5503315
2024-05-09,173.59832763671875,190.55999755859372,192.1999969482422,189.27999877929688,190.32000732421875,5463323
2024-05-10,170.30055236816406,186.94000244140625,191.8000030517578,185.63999938964844,191.0,8328942
2024-05-13,164.6888427734375,180.77999877929688,185.1000061035156,179.1699981689453,185.0,14152557
2024-05-14,165.73646545410156,181.92999267578125,183.1999969482422,178.89999389648438,180.32000732421875,7703616
2024-05-15,164.7252655029297,180.82000732421875,182.7700042724609,180.0,181.77999877929688,4642722
2024-05-16,168.87940979003906,185.3800048828125,186.8000030517578,179.39999389648438,180.82000732421875,9257543
2024-05-17,172.95152282714844,189.8500061035156,190.1199951171875,184.3800048828125,184.5800018310547,8131801
2024-05-20,175.58428955078125,192.7400054931641,197.4499969482422,190.3000030517578,190.47999572753903,11069872
2024-05-21,174.60951232910156,191.6699981689453,192.8699951171875,189.8999938964844,191.66000366210935,4400953
2024-05-22,170.36428833007812,187.00999450683597,191.8800048828125,185.80999755859372,191.1499938964844,6859331
2024-05-23,167.30337524414062,183.6499938964844,188.63999938964844,183.3300018310547,186.50999450683597,4797446
2024-05-24,165.1625518798828,181.3000030517578,183.6300048828125,180.10000610351562,183.50999450683597,5902297
2024-05-27,164.63418579101562,180.72000122070312,182.0,179.0800018310547,181.3000030517578,7197809
2024-05-28,164.297119140625,180.3500061035156,183.42999267578125,179.3000030517578,180.8000030517578,5500677
2024-05-29,163.07638549804688,179.00999450683594,181.3999938964844,178.25999450683594,180.0,5091552
2024-05-30,158.6034393310547,174.10000610351562,178.9600067138672,173.5,178.50999450683594,10324391
2024-05-31,159.28668212890625,174.85000610351562,176.77000427246094,174.35000610351562,174.75,4974678
2024-06-03,158.7218475341797,174.22999572753906,176.60000610351562,173.00999450683594,175.5,6278177
2024-06-04,159.89703369140625,175.52000427246094,175.8800048828125,172.86000061035156,174.22999572753906,5376882
2024-06-05,156.67213439941406,171.97999572753906,176.52999877929688,171.88999938964844,174.97000122070312,7852435
2024-06-06,153.9391632080078,168.97999572753906,172.47000122070312,167.3800048828125,171.97999572753906,10991394
2024-06-07,151.38836669921875,166.17999267578125,170.50999450683594,165.52999877929688,169.6699981689453,8792197
2024-06-11,145.22097778320312,159.41000366210938,165.6199951171875,157.8800048828125,165.0,16667945
2024-06-12,144.2097625732422,158.3000030517578,161.22999572753906,157.5800018310547,158.3699951171875,9619315
2024-06-13,142.01429748535156,155.88999938964844,159.42999267578125,155.38999938964844,158.52999877929688,10873633
2024-06-14,142.11448669433594,156.0,156.8000030517578,151.49000549316406,155.41000366210938,15498858
2024-06-17,143.24412536621094,157.24000549316406,157.8000030517578,152.3300018310547,154.11000061035156,10623903
2024-06-18,140.45648193359375,154.17999267578125,158.94000244140625,153.8000030517578,156.89999389648438,8669240
2024-06-19,139.68215942382812,153.3300018310547,155.91000366210938,152.8000030517578,154.07000732421875,7712267
2024-06-20,138.0697021484375,151.55999755859375,154.27999877929688,150.6999969482422,153.0,7486098
2024-06-21,136.7305450439453,150.08999633789062,152.2100067138672,147.8300018310547,151.33999633789062,10141964
2024-06-24,136.19305419921875,149.5,151.8699951171875,145.6999969482422,146.00999450683594,11597570
2024-06-25,137.00384521484375,150.38999938964844,151.41000366210938,148.35000610351562,149.35000610351562,8095547
2024-06-26,136.0290985107422,149.32000732421875,151.89999389648438,148.02000427246094,149.30999755859375,7907701
2024-06-27,134.9905548095703,148.17999267578125,148.9499969482422,146.89999389648438,148.8000030517578,5600374
2024-06-28,130.718017578125,143.49000549316406,148.5,142.64999389648438,146.0500030517578,13164234
2024-07-01,130.27162170410156,143.0,143.9600067138672,139.22999572753906,142.61000061035156,12037281
2024-07-02,131.1735076904297,143.99000549316406,146.5500030517578,141.50999450683594,142.27999877929688,11080352
2024-07-03,129.91632080078125,142.61000061035156,145.66000366210938,141.5800018310547,144.10000610351562,7411027
2024-07-04,127.0922622680664,139.50999450683594,143.38999938964844,139.50999450683594,142.5,8081792
2024-07-05,125.14274597167967,137.3699951171875,140.38999938964844,135.9199981689453,139.11000061035156,8391987
2024-07-08,122.35511779785156,134.30999755859375,137.3699951171875,133.69000244140625,137.0,8128816
2024-07-09,123.8491439819336,135.9499969482422,136.89999389648438,132.50999450683594,134.3000030517578,10382736
2024-07-10,121.61721801757812,133.5,137.27000427246094,133.0,135.02000427246094,9332737
2024-07-11,124.66905212402344,136.85000610351562,139.1999969482422,134.27999877929688,135.0,12913766
2024-07-12,124.69635772705078,136.8800048828125,137.92999267578125,134.8000030517578,136.89999389648438,10943936
2024-07-15,125.9899673461914,138.3000030517578,138.97999572753906,135.4499969482422,135.8000030517578,8059207
2024-07-16,125.324951171875,137.57000732421875,138.77000427246094,136.5,138.0,8052871
2024-07-17,128.92337036132812,141.52000427246094,142.0,136.75,137.39999389648438,11459169
2024-07-18,130.18052673339844,142.89999389648438,144.30999755859375,140.50999450683594,141.5,10992666
2024-07-19,133.89735412597656,146.97999572753906,147.11000061035156,141.39999389648438,142.22000122070312,10743292
2024-07-22,129.63394165039062,142.3000030517578,147.74000549316406,142.27999877929688,147.0,10666854
2024-07-23,123.38453674316406,135.44000244140625,143.0,135.44000244140625,141.89999389648438,12454860
2024-07-24,122.05448150634766,133.97999572753906,136.8800048828125,133.22999572753906,134.9499969482422,9110998
2024-07-25,119.84989166259766,131.55999755859375,134.88999938964844,130.3000030517578,133.1199951171875,11499191
2024-07-26,118.2738800048828,129.8300018310547,133.4600067138672,129.0,131.52999877929688,11522174
2024-07-29,114.99431610107422,126.2300033569336,130.44000244140625,126.0,129.88999938964844,10746206
2024-07-30,114.17442321777344,125.33000183105467,125.66999816894533,123.20999908447266,125.0,10665891
2024-07-31,119.0300064086914,130.66000366210938,131.3000030517578,123.4499969482422,125.29000091552734,14191851
2024-08-01,113.6824951171875,124.79000091552734,130.94000244140625,124.79000091552734,130.94000244140625,13410805
2024-08-02,112.37065887451172,123.3499984741211,125.77999877929688,123.2300033569336,123.2300033569336,8130939
2024-08-05,115.51358032226562,126.8000030517578,130.19000244140625,123.0,123.25,16565741
2024-08-06,115.59556579589844,126.88999938964844,129.4199981689453,125.87000274658205,127.91000366210938,8952838
2024-08-07,115.93263244628906,127.26000213623048,128.2899932861328,125.3000030517578,126.0,7862813
2024-08-08,118.03702545166016,129.57000732421875,132.0,126.1999969482422,126.5,12577204
2024-08-09,117.65440368652344,129.14999389648438,132.97999572753906,129.14999389648438,131.16000366210938,8282825
2024-08-12,117.5724105834961,129.05999755859375,130.55999755859375,128.0500030517578,128.41000366210938,6332656
2024-08-13,115.78688049316406,127.0999984741211,129.0,126.30999755859376,128.8800048828125,6644347
2024-08-14,114.05598449707033,125.1999969482422,127.37999725341795,124.7699966430664,127.0999984741211,5213142
2024-08-15,115.27672576904295,126.54000091552734,127.69000244140624,124.5999984741211,124.93000030517578,7180085
2024-08-16,114.10154724121094,125.25,126.36000061035156,124.94000244140624,126.3499984741211,6150454
2024-08-19,113.67337799072266,124.77999877929688,129.25,124.77999877929688,125.8000030517578,8893606
2024-08-20,112.82615661621094,123.8499984741211,125.5,123.5999984741211,124.91000366210938,5778169
2024-08-21,112.17935180664062,123.13999938964844,124.37000274658205,122.83999633789062,123.9800033569336,5812649
2024-08-22,111.59632110595705,122.5,123.4800033569336,120.33999633789062,123.0999984741211,12333557
2024-08-23,112.65422821044922,118.20999908447266,119.48999786376952,117.0999984741211,117.0999984741211,8012162
2024-08-26,112.9591827392578,118.52999877929688,119.98999786376952,117.51000213623048,118.4000015258789,5882754
2024-08-27,113.1688461303711,118.75,119.4000015258789,116.47000122070312,118.0,5223446
2024-08-28,107.63191986083984,112.94000244140624,117.83000183105467,111.25,117.44000244140624,16501518
2024-08-29,109.8619384765625,115.27999877929688,116.5,112.0,112.70999908447266,11544537
2024-08-30,113.67394256591795,119.27999877929688,121.36000061035156,113.08000183105467,114.3499984741211,16309388
2024-09-02,107.21259307861328,112.5,116.0,112.5,116.0,16404147
2024-09-03,108.86128997802734,114.2300033569336,115.2300033569336,112.56999969482422,113.9000015258789,9071580
2024-09-04,107.39366912841795,112.69000244140624,115.94000244140624,112.62999725341795,114.38999938964844,6733833
2024-09-05,108.0702896118164,113.4000015258789,113.62999725341795,112.22000122070312,112.5,5006785
2024-09-06,105.40189361572266,110.5999984741211,113.56999969482422,110.5500030517578,113.45999908447266,6750540
2024-09-09,102.82878875732422,107.9000015258789,109.5199966430664,107.1999969482422,109.26000213623048,9309617
2024-09-10,102.15216064453124,107.19000244140624,109.12000274658205,106.5999984741211,107.9000015258789,7824236
2024-09-11,100.95137786865234,105.93000030517578,107.62999725341795,105.8000030517578,106.5,8205586
2024-09-12,97.77788543701172,102.5999984741211,106.3000030517578,102.52999877929688,105.93000030517578,13941480
2024-09-13,96.08154296875,100.81999969482422,103.0999984741211,100.8000030517578,102.5,13941584
2024-09-18,95.3191375732422,100.0199966430664,101.12999725341795,98.9499969482422,100.3000030517578,11815724
2024-09-19,96.72958374023438,101.5,104.47000122070312,98.91999816894533,100.4800033569336,17948051
2024-09-20,96.60569763183594,101.37000274658205,101.8000030517578,99.9800033569336,101.0,9624766
2024-09-23,97.53963470458984,102.3499984741211,104.8000030517578,101.37000274658205,101.37000274658205,11036004
2024-09-24,105.42095184326172,110.62000274658205,111.0,102.27999877929688,104.38999938964844,25513672
2024-09-25,107.18400573730467,112.47000122070312,117.43000030517578,112.45999908447266,113.3000030517578,25286986
2024-09-26,117.90526580810548,123.72000122070312,123.72000122070312,113.0,113.7699966430664,33127300
2024-09-27,129.69387817382812,136.08999633789062,136.08999633789062,130.0,131.97000122070312,38203545
2024-09-30,142.66421508789062,149.6999969482422,149.6999969482422,145.0,149.6999969482422,31658417
2024-10-08,151.52713012695312,159.0,164.6699981689453,149.8000030517578,164.6699981689453,63281173
2024-10-09,136.37442016601562,143.10000610351562,153.0,143.10000610351562,152.0,45385953
2024-10-10,140.3674774169922,147.2899932861328,153.8000030517578,142.1999969482422,142.1999969482422,34967724
2024-10-11,134.73526000976562,141.3800048828125,147.64999389648438,139.25999450683594,144.00999450683594,18996266
2024-10-14,134.56370544433594,141.1999969482422,142.75,136.6999969482422,141.3800048828125,22751059
2024-10-15,128.0737762451172,134.38999938964844,141.2100067138672,134.1999969482422,141.1999969482422,23013472
2024-10-16,128.6455841064453,134.99000549316406,138.2100067138672,131.80999755859375,132.0,17861507
2024-10-17,125.02418518066406,131.19000244140625,136.75,131.0800018310547,136.3300018310547,13119687
2024-10-18,128.8838348388672,135.24000549316406,138.2899932861328,128.22999572753906,130.05999755859375,27618586
2024-10-21,127.9022445678711,134.2100067138672,135.9499969482422,131.8800048828125,134.77000427246094,20400856
2024-10-22,130.78030395507812,137.22999572753906,138.0,133.82000732421875,134.2899932861328,18535953
2024-10-23,133.5344696044922,140.1199951171875,142.3800048828125,135.77000427246094,137.97999572753906,21210019
2024-10-24,129.26504516601562,135.63999938964844,139.0,135.5,139.0,11259632
2024-10-25,130.198974609375,136.6199951171875,139.33999633789062,135.0,135.0,11189527
2024-10-28,135.93603515625,142.63999938964844,144.0,136.36000061035156,139.0,26045310
2024-10-29,133.4201202392578,140.0,148.1999969482422,139.8000030517578,141.27999877929688,23408902
2024-10-30,130.38003540039062,136.80999755859375,140.8000030517578,136.0,137.2899932861328,12523301
2024-10-31,129.14112854003906,135.50999450683594,138.1999969482422,133.47000122070312,136.00999450683594,17676653
2024-11-01,130.1132049560547,136.52999877929688,139.5,134.1999969482422,134.99000549316406,16284065
2024-11-04,130.84701538085938,137.3000030517578,137.75999450683594,134.94000244140625,137.47999572753906,13245896
2024-11-05,134.4874725341797,141.1199951171875,141.1199951171875,136.0,137.0,18439714
2024-11-06,133.32481384277344,139.89999389648438,142.0,138.41000366210938,141.0,15475954
2024-11-07,146.6573028564453,153.88999938964844,153.88999938964844,138.8699951171875,139.00999450683594,37394855
2024-11-08,143.9031219482422,151.0,156.0,149.72999572753906,155.0,30631107
2024-11-11,141.13943481445312,148.10000610351562,149.0,143.60000610351562,148.0,23607510
2024-11-12,139.80520629882812,146.6999969482422,151.3800048828125,145.67999267578125,148.14999389648438,20081318
2024-11-13,139.03329467773438,145.88999938964844,147.67999267578125,144.6999969482422,145.41000366210938,13546499
2024-11-14,137.81344604492188,144.61000061035156,147.0,143.99000549316406,145.0,15178644
2024-11-15,137.32742309570312,144.10000610351562,147.9499969482422,142.6999969482422,144.61000061035156,16915818
2024-11-18,135.96463012695312,142.6699981689453,145.5800018310547,140.74000549316406,144.08999633789062,15618163
2024-11-19,135.02114868164062,141.67999267578125,143.82000732421875,138.0,143.49000549316406,13723759
2024-11-20,135.77401733398438,142.47000122070312,143.02999877929688,140.19000244140625,141.08999633789062,9416792
2024-11-21,135.02114868164062,141.67999267578125,143.17999267578125,140.72999572753906,141.9199981689453,7631638
2024-11-22,129.8844757080078,136.2899932861328,142.0,136.17999267578125,141.63999938964844,11876596
2024-11-25,130.44674682617188,136.8800048828125,138.25,135.19000244140625,136.25999450683594,9881632
2024-11-26,130.43722534179688,136.8699951171875,138.8800048828125,135.0,136.00999450683594,8314489
2024-11-27,132.3432159423828,138.8699951171875,139.82000732421875,135.0,136.1300048828125,9932129
2024-11-28,129.7415313720703,136.13999938964844,138.8000030517578,135.99000549316406,138.8000030517578,7948857
2024-11-29,132.2097930908203,138.72999572753906,141.50999450683594,136.39999389648438,136.49000549316406,13763029
2024-12-02,132.48619079589844,139.02000427246094,140.5,136.86000061035156,138.5500030517578,11169728
2024-12-03,131.68563842773438,138.17999267578125,138.89999389648438,136.8000030517578,138.89999389648438,8408421
2024-12-04,130.6564178466797,137.10000610351562,138.67999267578125,136.27999877929688,138.0,8357038
2024-12-05,129.89402770996094,136.3000030517578,137.0800018310547,135.9600067138672,136.5,7008900
2024-12-06,131.71424865722656,138.2100067138672,139.10000610351562,136.0,136.10000610351562,10118492
2024-12-09,131.39974975585938,137.8800048828125,140.25,136.80999755859375,138.1999969482422,9184620
2024-12-10,135.03070068359375,141.69000244140625,150.0,141.0,147.8800048828125,33915376
2024-12-11,134.65902709960938,141.3000030517578,144.10000610351562,140.4600067138672,140.5,15351492
2024-12-12,138.099365234375,144.91000366210938,145.6999969482422,140.25999450683594,141.0,18159864
2024-12-13,131.31396484375,137.7899932861328,143.11000061035156,137.72999572753906,143.0,21362888
2024-12-16,126.36791229248048,132.60000610351562,137.83999633789062,131.91000366210938,137.82000732421875,21151916
2024-12-17,125.79611206054688,132.0,133.92999267578125,131.67999267578125,132.85000610351562,11912011
2024-12-18,125.31961059570312,131.5,132.9600067138672,131.0,132.3000030517578,9289535
2024-12-19,123.86151123046876,129.97000122070312,130.6300048828125,128.94000244140625,130.1999969482422,11995399
2024-12-20,124.19507598876952,130.32000732421875,130.66000366210938,128.6199951171875,130.0,9595491
2024-12-23,123.66138458251952,129.75999450683594,131.08999633789062,129.11000061035156,130.0,9470600
2024-12-24,124.00446319580078,130.1199951171875,130.19000244140625,128.6999969482422,129.86000061035156,9024317
2024-12-25,123.46125793457033,129.5500030517578,130.55999755859375,129.39999389648438,130.5500030517578,7222381
2024-12-26,123.21347045898438,129.2899932861328,129.99000549316406,129.00999450683594,129.75,6460173
2024-12-27,123.46125793457033,129.5500030517578,130.5,128.5800018310547,129.4499969482422,8157152
2024-12-30,120.89768981933594,126.86000061035156,130.0800018310547,126.31999969482422,129.24000549316406,14711655
2024-12-31,119.3156967163086,125.1999969482422,128.85000610351562,125.1500015258789,127.0,11721767
2025-01-02,115.36075592041016,121.0500030517578,125.58999633789062,120.5,125.1999969482422,14946398
2025-01-03,114.11231231689452,119.73999786376952,122.3499984741211,118.86000061035156,120.9800033569336,11343916
2025-01-06,109.88099670410156,115.3000030517578,118.5,114.9800033569336,118.0500030517578,17729562
2025-01-07,110.5957489013672,116.0500030517578,116.12000274658205,114.38999938964844,115.61000061035156,9819438
2025-01-08,110.17642974853516,115.61000061035156,117.44000244140624,114.25,115.7300033569336,11938513
2025-01-09,110.48138427734376,115.93000030517578,118.13999938964844,114.61000061035156,115.83000183105467,9558611
2025-01-10,108.01311492919922,113.33999633789062,115.77999877929688,113.33999633789062,115.62000274658205,7729478
2025-01-13,110.824462890625,116.29000091552734,116.4000015258789,111.97000122070312,112.0,12574333
2025-01-14,114.81753540039062,120.4800033569336,121.0,116.3000030517578,116.3000030517578,14716279
2025-01-15,113.60723114013672,119.20999908447266,120.4000015258789,118.86000061035156,119.98999786376952,7092818
2025-01-16,112.44457244873048,117.98999786376952,119.29000091552734,116.87999725341795,118.9000015258789,7837196
2025-01-17,113.1211929321289,118.6999969482422,120.2699966430664,117.22000122070312,117.5,7545791
2025-01-20,113.5786361694336,119.18000030517578,121.0999984741211,118.80999755859376,119.29000091552734,8825968
2025-01-21,112.73999786376952,118.3000030517578,120.05999755859376,117.6999969482422,120.05999755859376,6653920
2025-01-22,111.01506805419922,116.48999786376952,117.7699966430664,115.6999969482422,117.7699966430664,8029318
2025-01-23,111.06271362304688,116.54000091552734,118.30999755859376,116.12999725341795,117.5,8459461
2025-01-24,110.76187896728516,114.87000274658205,116.26000213623048,114.51000213623048,115.18000030517578,8500157
2025-01-27,111.41755676269533,115.5500030517578,116.1500015258789,114.5500030517578,114.87999725341795,7507490
2025-02-05,109.73978424072266,113.80999755859376,115.91999816894533,112.66000366210938,115.5999984741211,7704719
2025-02-06,110.16404724121094,114.25,115.0,113.1999969482422,113.48999786376952,7702120
2025-02-07,111.36934661865234,115.5,116.6500015258789,113.33000183105467,114.0,11616319
2025-02-10,111.57183074951172,115.70999908447266,116.2699966430664,114.93000030517578,115.91000366210938,7677833
2025-02-11,110.1929702758789,114.27999877929688,116.4499969482422,113.68000030517578,115.9499969482422,8184639
2025-02-12,111.8321762084961,115.9800033569336,115.98999786376952,113.83000183105467,114.1999969482422,7775887
2025-02-13,116.1423110961914,120.4499969482422,121.87000274658205,115.5999984741211,116.0,23373329
2025-02-14,115.57341766357422,119.86000061035156,120.5,119.01000213623048,119.9000015258789,9459653
2025-02-17,116.1808853149414,120.48999786376952,122.12999725341795,119.8000030517578,119.88999938964844,9604671
2025-02-18,114.53203582763672,118.77999877929688,121.5,118.51000213623048,120.22000122070312,8846745
2025-02-19,114.74417114257812,119.0,119.5,117.66000366210938,118.77999877929688,7401627
2025-02-20,113.77993774414062,118.0,119.56999969482422,117.9000015258789,118.4000015258789,6342073
2025-02-21,114.8213119506836,119.08000183105467,120.4499969482422,118.0199966430664,118.4499969482422,11507032
2025-02-24,117.49224853515624,121.8499984741211,123.72000122070312,118.8000030517578,119.08000183105467,17295187
2025-02-25,115.61198425292967,119.9000015258789,121.36000061035156,119.5,121.0999984741211,8056661
2025-02-26,117.23190307617188,121.58000183105467,121.80999755859376,118.12000274658205,119.61000061035156,10932675
2025-02-27,123.21016693115234,127.77999877929688,127.98999786376952,120.8000030517578,121.1999969482422,28453938
2025-02-28,121.9373779296875,126.45999908447266,130.10000610351562,126.19000244140624,127.0,17523547
2025-03-03,120.52959442138672,125.0,130.1999969482422,124.3499984741211,126.45999908447266,11404355
2025-03-04,119.06395721435548,123.4800033569336,124.98999786376952,122.1999969482422,124.0999984741211,8346613
2025-03-05,119.30501556396484,123.7300033569336,124.26000213623048,122.29000091552734,123.5500030517578,7712116
2025-03-06,121.66738891601562,126.18000030517578,126.5,122.55999755859376,124.0,9968818
2025-03-07,126.7103500366211,131.41000366210938,132.5,125.01000213623048,125.5199966430664,21551039
2025-03-10,127.39495086669922,132.1199951171875,132.77999877929688,129.8300018310547,131.41000366210938,11591899
2025-03-11,131.93650817871094,136.8300018310547,137.0,130.14999389648438,131.0,20269463
2025-03-12,130.92405700683594,135.77999877929688,138.1300048828125,134.6199951171875,136.82000732421875,12472777
2025-03-13,130.4226531982422,135.25999450683594,138.1199951171875,135.0,135.5399932861328,9057499
2025-03-14,138.4740447998047,143.61000061035156,145.5,136.86000061035156,137.0,28768424
2025-03-17,137.8280029296875,142.94000244140625,146.72000122070312,141.39999389648438,144.8000030517578,19066501
2025-03-18,138.24261474609375,143.3699951171875,143.60000610351562,140.55999755859375,143.24000549316406,11045871
2025-03-19,134.04820251464844,139.02000427246094,143.27000427246094,137.8000030517578,142.5,17924444
2025-03-20,130.3262481689453,135.16000366210938,138.7899932861328,134.89999389648438,138.0,13324453
2025-03-21,126.0064468383789,130.67999267578125,137.44000244140625,130.67999267578125,134.42999267578125,14683607
2025-03-24,128.00242614746094,132.75,133.49000549316406,129.9199981689453,131.4499969482422,12375106
2025-03-25,126.87427520751952,131.5800018310547,133.0,130.50999450683594,132.75999450683594,8309676
2025-03-26,127.38531494140624,132.11000061035156,133.1999969482422,131.2100067138672,131.5,6419199
2025-03-27,129.32342529296875,134.1199951171875,134.52999877929688,130.8800048828125,131.8300018310547,7732756
2025-03-28,127.56851959228516,132.3000030517578,134.60000610351562,131.6300048828125,134.16000366210938,6700212
2025-03-31,125.0807876586914,129.72000122070312,132.3000030517578,129.1300048828125,132.3000030517578,9044328
2025-04-01,126.20894622802734,130.88999938964844,131.6999969482422,129.27000427246094,129.72000122070312,5435270
2025-04-02,125.07115173339844,129.7100067138672,131.9499969482422,129.41000366210938,130.52000427246094,5768268
2025-04-03,127.83850860595705,132.5800018310547,132.97999572753906,128.0800018310547,128.1699981689453,8646909
2025-04-07,121.06956481933594,125.55999755859376,129.6699981689453,120.8000030517578,127.3000030517578,19007423
2025-04-08,124.38653564453124,129.0,129.1999969482422,125.3000030517578,125.5,14687467
2025-04-09,126.96105194091795,131.6699981689453,132.5,127.16999816894533,127.5500030517578,12679511
2025-04-10,128.05064392089844,132.8000030517578,133.5,129.72999572753906,132.67999267578125,9945993
2025-04-11,125.5146942138672,130.1699981689453,132.67999267578125,128.39999389648438,131.91000366210938,11423449
2025-04-14,124.83972930908205,129.47000122070312,131.8699951171875,128.97999572753906,130.00999450683594,8376681
2025-04-15,125.5532684326172,130.2100067138672,130.75999450683594,128.61000061035156,129.0,6460269
2025-04-16,126.31501007080078,131.0,131.3800048828125,129.10000610351562,129.9499969482422,6607019
2025-04-17,127.59745025634766,132.3300018310547,133.3000030517578,129.89999389648438,130.42999267578125,8068659
2025-04-18,127.0864028930664,131.8000030517578,133.1199951171875,131.0,132.1999969482422,5344236
2025-04-21,124.965087890625,129.60000610351562,131.64999389648438,129.1300048828125,131.5800018310547,8084330
2025-04-22,124.5215301513672,129.13999938964844,130.3300018310547,127.91000366210938,129.30999755859375,8077469
2025-04-23,124.0490493774414,128.64999389648438,129.75,128.0,129.2899932861328,6976609
2025-04-24,122.02416229248048,126.5500030517578,128.8000030517578,126.51000213623048,128.60000610351562,8419231
2025-04-25,120.87671661376952,125.36000061035156,127.54000091552734,125.01000213623048,126.0,7813031
2025-04-28,121.1081314086914,125.5999984741211,127.91000366210938,125.30999755859376,125.36000061035156,7899515
2025-04-29,119.17965698242188,123.5999984741211,125.29000091552734,123.1999969482422,124.87999725341795,8002169
2025-04-30,119.3146514892578,123.73999786376952,125.18000030517578,123.45999908447266,123.63999938964844,5804209
2025-05-06,120.9827880859375,125.47000122070312,125.66000366210938,123.5,123.87000274658205,6655137
2025-05-07,121.36847686767578,125.87000274658205,127.88999938964844,125.51000213623048,126.52999877929688,6533192
2025-05-08,122.63162994384766,127.18000030517578,128.3300018310547,124.31999969482422,125.18000030517578,6790272
2025-05-09,121.84095764160156,126.36000061035156,126.87999725341795,126.0,126.69000244140624,4089982
2025-05-12,122.0627212524414,126.58999633789062,127.1999969482422,125.8000030517578,126.68000030517578,5825960
2025-05-13,121.49382781982422,126.0,127.16000366210938,125.9000015258789,127.16000366210938,4992654
2025-05-14,125.48577117919922,130.13999938964844,131.6999969482422,125.36000061035156,126.0,14811002
2025-05-15,123.7019271850586,128.2899932861328,131.44000244140625,128.22999572753906,129.39999389648438,6572902
2025-05-16,121.7734603881836,126.29000091552734,128.49000549316406,125.79000091552734,128.00999450683594,6655706
2025-05-19,118.58184051513672,122.9800033569336,124.38999938964844,122.51000213623048,123.27999877929688,13275845
2025-05-20,118.28292083740234,122.66999816894533,123.18000030517578,121.58999633789062,122.77999877929688,7618359
2025-05-21,118.30220794677734,122.69000244140624,123.38999938964844,122.54000091552734,122.69000244140624,5774194
2025-05-22,117.73330688476562,122.0999984741211,122.87999725341795,121.9000015258789,122.6999969482422,6158770
2025-05-23,117.48259735107422,121.83999633789062,123.13999938964844,121.8000030517578,122.9499969482422,5725861
2025-05-26,115.23593139648438,119.51000213623048,121.88999938964844,119.3000030517578,121.5,9716283
2025-05-27,114.91773223876952,119.18000030517578,120.37999725341795,118.8000030517578,119.41000366210938,6096410
2025-05-28,114.74417114257812,119.0,119.48999786376952,118.41000366210938,119.1999969482422,5902907
2025-05-29,114.83094787597656,119.08999633789062,119.51000213623048,118.1999969482422,119.01000213623048,6133079
2025-05-30,112.73855590820312,116.91999816894533,118.88999938964844,116.5999984741211,118.66000366210938,11247530
2025-06-03,111.27291870117188,115.4000015258789,116.06999969482422,114.9000015258789,116.01000213623048,11254024
2025-06-04,110.87757873535156,114.98999786376952,116.0,114.58000183105467,115.36000061035156,8955388
2025-06-05,112.09252166748048,116.25,116.4000015258789,115.0,115.0,8063374
2025-06-06,111.9864501953125,116.13999938964844,116.9499969482422,115.8000030517578,116.25,6849326
2025-06-09,112.09252166748048,116.25,116.88999938964844,115.4000015258789,115.80999755859376,7539407
2025-06-10,111.15721130371094,115.27999877929688,116.23999786376952,114.52999877929688,116.23999786376952,11626036
2025-06-11,111.060791015625,115.18000030517578,116.37999725341795,115.0999984741211,115.0999984741211,8678323
2025-06-12,109.12267303466795,113.16999816894533,115.0,113.12999725341795,115.0,16566381
2025-06-13,105.17894744873048,109.08000183105467,112.44000244140624,108.4800033569336,112.0500030517578,21226937
2025-06-16,104.9089584350586,108.8000030517578,109.1999969482422,106.75,107.61000061035156,15101436
2025-06-17,106.04676055908205,109.9800033569336,110.4800033569336,108.0999984741211,108.66000366210938,10087128
2025-06-18,106.37459564208984,110.31999969482422,112.0,109.93000030517578,111.6999969482422,11154869
2025-06-19,107.03992462158205,111.01000213623048,111.9800033569336,109.9800033569336,109.98999786376952,11736260
2025-06-20,110.0194091796875,114.0999984741211,114.68000030517578,111.01000213623048,111.01000213623048,17573822
2025-06-23,109.69157409667967,113.76000213623048,114.4000015258789,111.68000030517578,112.8000030517578,8797145
2025-06-24,110.14476776123048,114.2300033569336,114.76000213623048,113.45999908447266,113.80999755859376,7392221
2025-06-25,109.63371276855467,113.6999969482422,115.27999877929688,112.72000122070312,114.2300033569336,9476505
2025-06-26,109.81692504882812,113.88999938964844,114.4000015258789,113.1500015258789,113.7300033569336,6536483
2025-06-27,108.78518676757812,112.81999969482422,113.7300033569336,112.8000030517578,113.22000122070312,7530734
2025-06-30,109.34444427490234,113.4000015258789,113.6999969482422,111.87999725341795,112.9499969482422,9250534
2025-07-01,108.47663116455078,112.5,113.19000244140624,112.1999969482422,113.01000213623048,6346328
2025-07-02,108.76590728759766,112.8000030517578,114.25,112.5,112.5,9388593
2025-07-03,108.8623275756836,112.9000015258789,113.91999816894533,112.41999816894533,112.80999755859376,6967431
2025-07-04,109.8554916381836,113.93000030517578,114.37000274658205,112.5,112.5999984741211,8534074
2025-07-07,109.18052673339844,113.2300033569336,114.2699966430664,113.0500030517578,113.93000030517578,6312691
2025-07-08,109.92298889160156,114.0,114.05999755859376,112.8000030517578,113.0500030517578,7544394
2025-07-09,110.27011108398438,114.36000061035156,115.66999816894533,113.66000366210938,113.9000015258789,10173927
2025-07-10,112.48786163330078,116.66000366210938,116.88999938964844,113.8000030517578,114.0999984741211,12748565
2025-07-11,114.84059143066406,119.0999984741211,119.58000183105467,115.87999725341795,115.88999938964844,18551460
2025-07-14,115.67948150634766,119.97000122070312,120.5500030517578,117.95999908447266,118.5,10903174
2025-07-15,114.69595336914062,118.9499969482422,119.77999877929688,118.36000061035156,118.81999969482422,9361363
2025-07-16,116.3737335205078,120.69000244140624,121.54000091552734,118.58999633789062,118.6999969482422,8893021
2025-07-17,116.33516693115234,120.6500015258789,121.5,119.4800033569336,120.11000061035156,8205666
2025-07-18,120.33674621582033,124.8000030517578,125.87999725341795,120.13999938964844,120.66000366210938,17373392
2025-07-21,119.32429504394533,123.75,125.01000213623048,123.3499984741211,124.5,8426000
2025-07-22,124.7529525756836,129.3800048828125,129.66000366210938,123.7300033569336,123.7300033569336,16783030
2025-07-23,123.7887191772461,128.3800048828125,130.75,128.0,129.3800048828125,11075931
2025-07-24,123.60550689697266,128.19000244140625,128.5800018310547,127.0,128.38999938964844,8364228
2025-07-25,120.3656768798828,124.83000183105467,128.38999938964844,124.0,128.1999969482422,12016007
2025-07-28,119.60392761230467,124.04000091552734,124.98999786376952,122.38999938964844,124.5999984741211,11167554
2025-07-29,119.85462951660156,124.3000030517578,124.61000061035156,122.69000244140624,123.87999725341795,7359086
2025-07-30,122.54484558105467,127.08999633789062,128.1300048828125,124.3000030517578,124.3000030517578,13282781
2025-07-31,118.50469970703124,122.9000015258789,126.62999725341795,122.6999969482422,126.62999725341795,11087839
2025-08-01,118.65897369384766,123.05999755859376,123.27999877929688,121.7699966430664,122.6999969482422,6948094
2025-08-04,119.6135711669922,124.0500030517578,124.3000030517578,122.62000274658205,123.3000030517578,5902249
2025-08-05,122.46771240234376,127.01000213623048,127.48999786376952,124.08000183105467,124.08999633789062,9419227
2025-08-06,123.01732635498048,127.58000183105467,127.98999786376952,126.27999877929688,126.86000061035156,5604391
2025-08-07,123.80799102783205,128.39999389648438,129.49000549316406,127.18000030517578,127.18000030517578,9411529
2025-08-08,122.1500015258789,122.1500015258789,123.86000061035156,120.87999725341795,123.86000061035156,8089915
2025-08-11,126.08000183105467,126.08000183105467,126.1999969482422,122.22000122070312,122.22000122070312,11393331
2025-08-12,125.43000030517578,125.43000030517578,130.69000244140625,125.0199966430664,126.08000183105467,17352522
2025-08-13,125.76000213623048,125.76000213623048,126.61000061035156,124.01000213623048,125.4000015258789,9070610
2025-08-14,124.68000030517578,124.68000030517578,127.62999725341795,124.52999877929688,125.76000213623048,8695593
2025-08-15,124.6999969482422,124.6999969482422,125.19000244140624,123.16000366210938,123.9000015258789,8648937
2025-08-18,124.83000183105467,124.83000183105467,126.11000061035156,124.1999969482422,124.66000366210938,10087155
2025-08-19,126.4000015258789,126.4000015258789,128.57000732421875,124.25,124.8000030517578,15026308
2025-08-20,130.30999755859375,130.30999755859375,132.5,125.68000030517578,125.6999969482422,22875087
2025-08-21,129.64999389648438,129.64999389648438,131.9199981689453,129.27999877929688,130.4499969482422,10027039
2025-08-22,130.69000244140625,130.69000244140625,130.8000030517578,128.77000427246094,129.63999938964844,8999500
2025-08-25,138.99000549316406,138.99000549316406,139.0,131.60000610351562,132.5,21462428
2025-08-26,140.8300018310547,140.8300018310547,143.0,136.82000732421875,138.0,17817766
2025-08-27,133.82000732421875,133.82000732421875,139.82000732421875,133.22000122070312,139.8000030517578,20028507
2025-08-28,133.72000122070312,133.72000122070312,134.66000366210938,130.5,132.8000030517578,12374958
2025-08-29,137.19000244140625,137.19000244140625,138.5800018310547,133.89999389648438,133.94000244140625,14416288
2025-09-01,135.85000610351562,135.85000610351562,137.13999938964844,134.1999969482422,136.0,11846641
2025-09-02,137.0500030517578,137.0500030517578,141.0800018310547,135.27999877929688,135.75,16285276
2025-09-03,135.58999633789062,135.58999633789062,140.8000030517578,134.00999450683594,137.47000122070312,10301298
2025-09-04,134.08999633789062,134.08999633789062,135.6300048828125,132.1999969482422,135.0,9682423
2025-09-05,135.89999389648438,135.89999389648438,136.22999572753906,132.50999450683594,134.0800018310547,8191939
2025-09-08,139.8800048828125,139.8800048828125,140.0,135.42999267578125,136.0,14216539
2025-09-09,140.30999755859375,140.30999755859375,140.55999755859375,137.60000610351562,139.41000366210938,9628793
2025-09-10,139.5800018310547,139.5800018310547,142.3699951171875,137.72000122070312,140.3000030517578,12466650
2025-09-11,140.4600067138672,140.4600067138672,140.88999938964844,138.3000030517578,139.0,9278869
2025-09-12,139.0,139.0,144.27999877929688,138.89999389648438,140.4600067138672,10655893
2025-09-15,139.10000610351562,139.10000610351562,139.8000030517578,137.6999969482422,138.38999938964844,7059268
2025-09-16,138.4499969482422,138.4499969482422,139.4600067138672,136.89999389648438,139.17999267578125,6103958
2025-09-17,137.0,137.0,139.10000610351562,136.3699951171875,138.0,6988721
2025-09-18,133.6999969482422,133.6999969482422,137.5800018310547,132.52000427246094,137.0500030517578,11694985
2025-09-19,134.85000610351562,134.85000610351562,135.27999877929688,131.9499969482422,133.0,8542139
2025-09-22,133.5800018310547,133.5800018310547,135.0800018310547,131.8800048828125,134.5,8094116
2025-09-23,132.61000061035156,132.61000061035156,134.47000122070312,132.0,133.57000732421875,6126806
2025-09-24,131.91000366210938,131.91000366210938,133.0,131.32000732421875,132.2100067138672,6262095
2025-09-25,129.4600067138672,129.4600067138672,132.17999267578125,129.44000244140625,131.85000610351562,9712219
2025-09-26,127.58000183105467,127.58000183105467,129.3000030517578,126.80999755859376,128.8300018310547,12710627
2025-09-29,133.05999755859375,133.05999755859375,133.77000427246094,128.0,128.82000732421875,16023345
2025-09-30,131.9199981689453,131.9199981689453,133.6999969482422,130.0500030517578,132.14999389648438,10255238
2025-10-09,129.86000061035156,129.86000061035156,130.72999572753906,127.05999755859376,130.02000427246094,12487311
2025-10-10,128.8699951171875,128.8699951171875,130.64999389648438,128.60000610351562,129.35000610351562,7950076
2025-10-13,127.3000030517578,127.3000030517578,128.0,126.6999969482422,127.0,7787267
2025-10-14,132.64999389648438,132.64999389648438,133.66000366210938,126.9499969482422,128.0,18560169
2025-10-15,134.6199951171875,134.6199951171875,135.74000549316406,131.4600067138672,131.6999969482422,11413077
2025-10-16,137.0500030517578,137.0500030517578,137.3000030517578,133.8000030517578,133.8000030517578,10630292
2025-10-17,135.0,135.0,137.63999938964844,134.85000610351562,136.5500030517578,7875320
2025-10-20,133.14999389648438,133.14999389648438,135.0800018310547,132.5,135.0,8147329
2025-10-21,134.2100067138672,134.2100067138672,136.2899932861328,132.5800018310547,133.0,7826160
2025-10-22,134.6699981689453,134.6699981689453,136.2899932861328,133.50999450683594,133.9499969482422,5622342
2025-10-23,136.5800018310547,136.5800018310547,136.8000030517578,133.27999877929688,133.97999572753906,7774581
2025-10-24,130.24000549316406,130.24000549316406,136.30999755859375,129.89999389648438,136.0,15693033
2025-10-27,129.39999389648438,129.39999389648438,131.3000030517578,128.60000610351562,129.0,9415683
2025-10-28,130.49000549316406,130.49000549316406,132.72999572753906,129.35000610351562,129.38999938964844,7159421
2025-10-29,129.8699951171875,129.8699951171875,130.88999938964844,128.88999938964844,130.39999389648438,5785212
2025-10-30,129.8800048828125,129.8800048828125,132.17999267578125,129.0,129.5,7914413
2025-10-31,134.5399932861328,134.5399932861328,136.89999389648438,130.3300018310547,130.3300018310547,19063560
2025-11-03,135.0399932861328,135.0399932861328,136.5500030517578,132.32000732421875,133.97999572753906,9952938
2025-11-04,133.10000610351562,133.10000610351562,135.10000610351562,132.19000244140625,135.02999877929688,6796659
2025-11-05,132.1699981689453,132.1699981689453,134.67999267578125,131.4600067138672,132.0,6164267
2025-11-06,131.89999389648438,131.89999389648438,134.5,131.66000366210938,133.39999389648438,6784954
2025-11-07,131.64999389648438,131.64999389648438,133.22000122070312,131.39999389648438,131.4499969482422,5388745
2025-11-10,142.49000549316406,142.49000549316406,143.57000732421875,131.10000610351562,131.64999389648438,28469814
2025-11-11,141.63999938964844,141.63999938964844,142.4199981689453,138.4499969482422,141.0,16129169
2025-11-12,141.8699951171875,141.8699951171875,143.8000030517578,141.0,141.49000549316406,10080933
2025-11-13,143.32000732421875,143.32000732421875,144.97999572753906,140.24000549316406,141.66000366210938,11411556
2025-11-14,139.6199951171875,139.6199951171875,145.8800048828125,139.61000061035156,142.89999389648438,9474533
2025-11-17,140.0,140.0,141.1699981689453,138.47000122070312,139.10000610351562,7802610
2025-11-18,139.75,139.75,142.52999877929688,138.89999389648438,139.94000244140625,7871781
2025-11-19,137.13999938964844,137.13999938964844,139.9600067138672,136.72999572753906,139.02000427246094,7977921
2025-11-20,136.85000610351562,136.85000610351562,139.2100067138672,136.55999755859375,137.42999267578125,5630106
2025-11-21,134.1999969482422,134.1999969482422,138.88999938964844,133.88999938964844,136.0,10177131
2025-11-24,132.9199981689453,132.9199981689453,136.0,132.41000366210938,134.6999969482422,8916136
2025-11-25,133.58999633789062,133.58999633789062,133.94000244140625,132.00999450683594,132.9199981689453,7183720
2025-11-26,134.92999267578125,134.92999267578125,135.3000030517578,133.5,133.58999633789062,6171939
2025-11-27,135.00999450683594,135.00999450683594,136.10000610351562,133.86000061035156,135.13999938964844,6153900
2025-11-28,135.8800048828125,135.8800048828125,136.47999572753906,134.2100067138672,135.02000427246094,5609216
2025-12-01,135.75999450683594,135.75999450683594,138.36000061035156,134.5500030517578,136.0,6305216
2025-12-02,133.69000244140625,133.69000244140625,136.1699981689453,133.69000244140625,135.0,4661914
2025-12-03,132.6999969482422,132.6999969482422,134.0800018310547,132.0,134.0,4813797
2025-12-04,127.70999908447266,127.70999908447266,132.7899932861328,126.95999908447266,132.4199981689453,14035050
2025-12-05,128.35000610351562,128.35000610351562,128.66000366210938,127.0,127.68000030517578,5555184
2025-12-08,125.37999725341797,125.37999725341797,128.2899932861328,125.0,127.5999984741211,11742648
2025-12-09,122.12000274658203,122.12000274658203,125.05999755859375,121.0999984741211,125.0,12711894
2025-12-10,122.62000274658203,122.62000274658203,123.29000091552734,120.01000213623047,121.61000061035156,8299471
2025-12-11,121.4000015258789,121.4000015258789,123.5,121.36000061035156,122.5999984741211,5169935
2025-12-12,122.9800033569336,122.9800033569336,124.45999908447266,121.20999908447266,122.1500015258789,12879574
2025-12-15,122.80999755859375,122.80999755859375,125.68000030517578,122.75,124.47000122070312,9519384
2025-12-16,122.86000061035156,122.86000061035156,123.22000122070312,121.66000366210938,122.1500015258789,5232686
